split_type,cell_line,environment,model,feature,significance,contribution,snr,fdr
single,hiranniramol,sequence,cnn33,pos20_G,*,0.1010262966156005,1.7134416103363037,
single,hiranniramol,sequence,cnn33,pos20_T,*,0.0978432148694992,1.2853130102157593,
single,hiranniramol,sequence,cnn33,pos21_T,*,0.0867233350872993,1.6297258138656616,
single,hiranniramol,sequence,cnn33,pos23_A,*,0.0809969007968902,1.5899903774261477,
single,hiranniramol,sequence,cnn33,pos22_C,*,0.0753523707389831,1.3659647703170776,
single,hiranniramol,sequence,cnn33,pos21_G,*,0.0670620203018188,1.4477379322052002,
single,hiranniramol,sequence,cnn33,pos22_G,*,0.0623950250446796,1.3420182466506958,
single,hiranniramol,sequence,cnn33,pos23_C,*,0.0614480301737785,1.5297527313232422,
single,hiranniramol,sequence,cnn33,pos23_G,*,0.057176973670721,1.5750901699066162,
single,hiranniramol,sequence,cnn33,pos19_G,*,0.0558504201471805,1.2214254140853882,
single,hiranniramol,sequence,cnn33,pos17_A,*,0.0544089898467063,1.3101266622543335,
single,hiranniramol,sequence,cnn33,pos20_C,*,0.0542415082454681,1.4719561338424685,
single,hiranniramol,sequence,cnn33,pos5_G,*,0.0537738911807537,1.2794387340545654,
single,hiranniramol,sequence,cnn33,pos3_G,*,0.0534834414720535,1.3890610933303833,
single,hiranniramol,sequence,cnn33,pos7_A,*,0.0525936000049114,1.2915072441101074,
single,hiranniramol,sequence,cnn33,pos14_A,*,0.0524723380804061,1.5226870775222778,
single,hiranniramol,sequence,cnn33,pos9_A,*,0.0520921014249324,1.2968939542770386,
single,hiranniramol,sequence,cnn33,pos18_A,*,0.0518897213041782,1.251368522644043,
single,hiranniramol,sequence,cnn33,pos15_A,*,0.0511594712734222,1.3169230222702026,
single,hiranniramol,sequence,cnn33,pos5_A,*,0.0506918020546436,1.2628536224365234,
single,hiranniramol,sequence,cnn33,pos11_A,*,0.0504572130739688,1.3014907836914062,
single,hiranniramol,sequence,cnn33,pos4_A,*,0.0501750893890857,1.427444577217102,
single,hiranniramol,sequence,cnn33,pos4_G,*,0.0493256337940692,1.274093747138977,
single,hiranniramol,sequence,cnn33,pos6_A,*,0.0492299012839794,1.2409045696258545,
single,hiranniramol,sequence,cnn33,pos10_A,*,0.049026969820261,1.2335022687911987,
single,hiranniramol,sequence,cnn33,pos20_A,*,0.048992421478033,1.4037904739379885,
single,hiranniramol,sequence,cnn33,pos16_A,*,0.0489291921257972,1.2763553857803345,
single,hiranniramol,sequence,cnn33,pos13_A,*,0.0488803163170814,1.3184665441513062,
single,hiranniramol,sequence,cnn33,pos9_G,*,0.048780832439661,1.236888408660889,
single,hiranniramol,sequence,cnn33,pos19_A,*,0.0485182106494903,1.2234731912612915,
single,hiranniramol,sequence,cnn33,pos14_G,*,0.0478663556277751,1.2475520372390747,
single,hiranniramol,sequence,cnn33,pos8_A,*,0.047851525247097,1.3513940572738647,
single,hiranniramol,sequence,cnn33,pos2_A,*,0.0467811822891235,1.312260389328003,
single,hiranniramol,sequence,cnn33,pos11_G,*,0.0466942824423313,1.2036621570587158,
single,hiranniramol,sequence,cnn33,pos3_A,*,0.0465030558407306,1.340057373046875,
single,hiranniramol,sequence,cnn33,pos13_G,*,0.0463851951062679,1.3083969354629517,
single,hiranniramol,sequence,cnn33,pos12_A,*,0.0463607646524906,1.212794303894043,
single,hiranniramol,sequence,cnn33,pos1_C,*,0.0459966547787189,1.7090895175933838,
single,hiranniramol,sequence,cnn33,pos22_A,*,0.0440196394920349,1.459795355796814,
single,hiranniramol,sequence,cnn33,pos12_G,*,0.0424763113260269,1.2269530296325684,
single,hiranniramol,sequence,cnn33,pos15_C,*,0.0420880503952503,1.2926563024520874,
single,hiranniramol,sequence,cnn33,pos3_C,*,0.0417433381080627,1.2505948543548584,
single,hiranniramol,sequence,cnn33,pos21_A,*,0.0415158234536647,1.2470998764038086,
single,hiranniramol,sequence,cnn33,pos10_C,*,0.040764108300209,1.3944607973098757,
single,hiranniramol,sequence,cnn33,pos7_C,*,0.040483571588993,1.201961636543274,
single,hiranniramol,sequence,cnn33,pos13_C,*,0.0403073094785213,1.2796460390090942,
single,hiranniramol,sequence,cnn33,pos2_C,*,0.040012452751398,1.2409939765930176,
single,hiranniramol,sequence,cnn33,pos18_C,*,0.0395969152450561,1.2703689336776731,
single,hiranniramol,sequence,cnn33,pos4_C,*,0.0393916703760623,1.2257546186447144,
single,hiranniramol,sequence,cnn33,pos8_C,*,0.038617618381977,1.2953412532806396,
single,hiranniramol,sequence,cnn33,pos22_T,*,0.0383422076702117,1.313678503036499,
single,hiranniramol,sequence,cnn33,pos5_C,*,0.038130547851324,1.3258883953094482,
single,hiranniramol,sequence,cnn33,pos6_C,*,0.0377641804516315,1.293926239013672,
single,hiranniramol,sequence,cnn33,pos17_C,*,0.0376357100903987,1.267261028289795,
single,hiranniramol,sequence,cnn33,pos14_C,*,0.0376153141260147,1.3681097030639648,
single,hiranniramol,sequence,cnn33,pos9_C,*,0.0369278565049171,1.2419949769973757,
single,hiranniramol,sequence,cnn33,pos21_C,*,0.0365857817232608,1.3537583351135254,
single,hiranniramol,sequence,cnn33,pos16_C,*,0.0355660505592823,1.2395397424697876,
single,hiranniramol,sequence,cnn33,pos23_T,*,0.0345785170793533,1.3367964029312134,
single,hiranniramol,sequence,cnn33,pos19_T,.,0.086131177842617,1.0544129610061646,
single,hiranniramol,sequence,cnn33,pos18_T,.,0.0741284862160682,0.9212189316749572,
single,hiranniramol,sequence,cnn33,pos17_T,.,0.0703638046979904,1.005317211151123,
single,hiranniramol,sequence,cnn33,pos5_T,.,0.0667804181575775,1.1477186679840088,
single,hiranniramol,sequence,cnn33,pos15_T,.,0.0667752623558044,1.1311711072921753,
single,hiranniramol,sequence,cnn33,pos16_T,.,0.0651734173297882,1.0356509685516355,
single,hiranniramol,sequence,cnn33,pos6_T,.,0.0644098296761512,1.1125441789627075,
single,hiranniramol,sequence,cnn33,pos7_T,.,0.0640236362814903,1.100785732269287,
single,hiranniramol,sequence,cnn33,pos9_T,.,0.062180433422327,1.1292312145233154,
single,hiranniramol,sequence,cnn33,pos3_T,.,0.0613986402750015,0.9635381102561952,
single,hiranniramol,sequence,cnn33,pos4_T,.,0.0602537095546722,0.992130696773529,
single,hiranniramol,sequence,cnn33,pos14_T,.,0.0602501630783081,1.117343544960022,
single,hiranniramol,sequence,cnn33,pos12_T,.,0.0601683147251606,0.9321165680885316,
single,hiranniramol,sequence,cnn33,pos13_T,.,0.0598528534173965,1.0078610181808472,
single,hiranniramol,sequence,cnn33,pos10_T,.,0.0589242726564407,1.129820704460144,
single,hiranniramol,sequence,cnn33,pos11_T,.,0.058766059577465,1.0150076150894165,
single,hiranniramol,sequence,cnn33,pos8_T,.,0.0560202896595001,1.1058316230773926,
single,hiranniramol,sequence,cnn33,pos18_G,.,0.0551913902163505,1.1128292083740234,
single,hiranniramol,sequence,cnn33,pos2_T,.,0.0539450831711292,0.9777653813362122,
single,hiranniramol,sequence,cnn33,pos7_G,.,0.0523777604103088,1.1926935911178589,
single,hiranniramol,sequence,cnn33,pos1_T,.,0.0514734871685504,1.0268049240112305,
single,hiranniramol,sequence,cnn33,pos15_G,.,0.0513160787522792,1.1412049531936646,
single,hiranniramol,sequence,cnn33,pos17_G,.,0.0508932210505008,1.1528582572937012,
single,hiranniramol,sequence,cnn33,pos16_G,.,0.0498260371387004,1.188534140586853,
single,hiranniramol,sequence,cnn33,pos6_G,.,0.0486716106534004,1.1661497354507446,
single,hiranniramol,sequence,cnn33,pos1_G,.,0.0485508851706981,1.1146705150604248,
single,hiranniramol,sequence,cnn33,pos8_G,.,0.0477020740509033,1.1567937135696411,
single,hiranniramol,sequence,cnn33,pos2_G,.,0.0444230996072292,1.1549345254898071,
single,hiranniramol,sequence,cnn33,pos10_G,.,0.043991170823574,1.1361299753189087,
single,hiranniramol,sequence,cnn33,pos11_C,.,0.0424741022288799,1.119372010231018,
single,hiranniramol,sequence,cnn33,pos12_C,.,0.0410781018435955,1.161101222038269,
single,hiranniramol,sequence,cnn33,pos19_C,.,0.0394204147160053,1.1954766511917114,
single,hiranniramol,sequence,cnn33,pos1_A,.,0.0364098362624645,1.164642333984375,
single,hiranniramol,sequence,cnn53,pos20_G,**,0.1297226846218109,1.9389408826828003,
single,hiranniramol,sequence,cnn53,pos20_T,**,0.1077288538217544,1.949512362480164,
single,hiranniramol,sequence,cnn53,pos21_T,**,0.1001777052879333,2.339019298553467,
single,hiranniramol,sequence,cnn53,pos19_T,*,0.1129280105233192,1.491377592086792,
single,hiranniramol,sequence,cnn53,pos18_T,*,0.0921083837747573,1.343461513519287,
single,hiranniramol,sequence,cnn53,pos20_C,*,0.0720837712287902,1.5746866464614868,
single,hiranniramol,sequence,cnn53,pos14_A,*,0.0672589391469955,1.441818356513977,
single,hiranniramol,sequence,cnn53,pos19_G,*,0.0660827904939651,1.3461281061172483,
single,hiranniramol,sequence,cnn53,pos5_A,*,0.065808817744255,1.4574238061904907,
single,hiranniramol,sequence,cnn53,pos6_A,*,0.0642596185207367,1.350425124168396,
single,hiranniramol,sequence,cnn53,pos4_A,*,0.0642503201961517,1.409476399421692,
single,hiranniramol,sequence,cnn53,pos15_A,*,0.0641302764415741,1.3979002237319946,
single,hiranniramol,sequence,cnn53,pos16_A,*,0.0626471936702728,1.4360724687576294,
single,hiranniramol,sequence,cnn53,pos18_G,*,0.0625588968396186,1.3680946826934814,
single,hiranniramol,sequence,cnn53,pos3_A,*,0.0615799911320209,1.2957792282104492,
single,hiranniramol,sequence,cnn53,pos11_A,*,0.0614025928080081,1.4038491249084473,
single,hiranniramol,sequence,cnn53,pos17_A,*,0.0604367516934871,1.3297851085662842,
single,hiranniramol,sequence,cnn53,pos8_A,*,0.0599633827805519,1.378004550933838,
single,hiranniramol,sequence,cnn53,pos19_A,*,0.059530034661293,1.3631941080093384,
single,hiranniramol,sequence,cnn53,pos12_A,*,0.0587019138038158,1.3414454460144043,
single,hiranniramol,sequence,cnn53,pos10_A,*,0.0586968809366226,1.237431287765503,
single,hiranniramol,sequence,cnn53,pos22_C,*,0.0586243346333503,1.5706324577331543,
single,hiranniramol,sequence,cnn53,pos7_A,*,0.0586147010326385,1.3532257080078125,
single,hiranniramol,sequence,cnn53,pos19_C,*,0.0585022196173667,1.3269115686416626,
single,hiranniramol,sequence,cnn53,pos9_A,*,0.0582309067249298,1.386472463607788,
single,hiranniramol,sequence,cnn53,pos16_T,*,0.0577268227934837,1.21975839138031,
single,hiranniramol,sequence,cnn53,pos23_A,*,0.0561712570488452,1.4750007390975952,
single,hiranniramol,sequence,cnn53,pos21_A,*,0.0553692653775215,1.4852724075317385,
single,hiranniramol,sequence,cnn53,pos13_A,*,0.0553234852850437,1.3183526992797852,
single,hiranniramol,sequence,cnn53,pos23_C,*,0.0552618689835071,1.3176417350769043,
single,hiranniramol,sequence,cnn53,pos20_A,*,0.0549968145787715,1.3145612478256226,
single,hiranniramol,sequence,cnn53,pos9_T,*,0.0548183806240558,1.301024079322815,
single,hiranniramol,sequence,cnn53,pos1_C,*,0.0540568754076957,1.670694351196289,
single,hiranniramol,sequence,cnn53,pos17_G,*,0.0539937391877174,1.4144128561019895,
single,hiranniramol,sequence,cnn53,pos15_G,*,0.053856037557125,1.2793933153152466,
single,hiranniramol,sequence,cnn53,pos21_G,*,0.0536305271089077,1.5274715423583984,
single,hiranniramol,sequence,cnn53,pos16_G,*,0.053219199180603,1.253836989402771,
single,hiranniramol,sequence,cnn53,pos7_G,*,0.0531836375594139,1.3989732265472412,
single,hiranniramol,sequence,cnn53,pos10_T,*,0.053180243819952,1.3154557943344116,
single,hiranniramol,sequence,cnn53,pos5_G,*,0.0524007081985473,1.347623586654663,
single,hiranniramol,sequence,cnn53,pos14_T,*,0.0518713146448135,1.3022558689117432,
single,hiranniramol,sequence,cnn53,pos13_T,*,0.0515038333833217,1.2682912349700928,
single,hiranniramol,sequence,cnn53,pos16_C,*,0.0513532124459743,1.3224371671676636,
single,hiranniramol,sequence,cnn53,pos9_G,*,0.0511436611413955,1.3071993589401243,
single,hiranniramol,sequence,cnn53,pos11_C,*,0.0503952540457248,1.278875708580017,
single,hiranniramol,sequence,cnn53,pos3_T,*,0.0502554848790168,1.2242258787155151,
single,hiranniramol,sequence,cnn53,pos18_C,*,0.0500407293438911,1.33773934841156,
single,hiranniramol,sequence,cnn53,pos12_G,*,0.0498719289898872,1.2809685468673706,
single,hiranniramol,sequence,cnn53,pos1_T,*,0.0496236570179462,1.239493727684021,
single,hiranniramol,sequence,cnn53,pos7_C,*,0.0492942407727241,1.209741234779358,
single,hiranniramol,sequence,cnn53,pos14_C,*,0.0491007752716541,1.3689550161361694,
single,hiranniramol,sequence,cnn53,pos3_G,*,0.0488430261611938,1.4005721807479858,
single,hiranniramol,sequence,cnn53,pos10_C,*,0.04861980676651,1.223943114280701,
single,hiranniramol,sequence,cnn53,pos4_G,*,0.0484428629279136,1.3475399017333984,
single,hiranniramol,sequence,cnn53,pos8_G,*,0.0484176389873027,1.304399013519287,
single,hiranniramol,sequence,cnn53,pos3_C,*,0.0482818037271499,1.3196594715118408,
single,hiranniramol,sequence,cnn53,pos2_G,*,0.0482636131346225,1.4758706092834473,
single,hiranniramol,sequence,cnn53,pos8_T,*,0.0482509844005107,1.2892279624938965,
single,hiranniramol,sequence,cnn53,pos10_G,*,0.0482147000730037,1.3967478275299072,
single,hiranniramol,sequence,cnn53,pos13_C,*,0.048078004270792,1.3012070655822754,
single,hiranniramol,sequence,cnn53,pos17_C,*,0.047933142632246,1.2599804401397705,
single,hiranniramol,sequence,cnn53,pos11_G,*,0.0479190163314342,1.3397711515426636,
single,hiranniramol,sequence,cnn53,pos22_A,*,0.0478601083159446,1.3007375001907349,
single,hiranniramol,sequence,cnn53,pos8_C,*,0.0478228405117988,1.30163311958313,
single,hiranniramol,sequence,cnn53,pos21_C,*,0.0478057377040386,1.5437910556793213,
single,hiranniramol,sequence,cnn53,pos15_C,*,0.0477416850626468,1.3351850509643557,
single,hiranniramol,sequence,cnn53,pos5_C,*,0.0471341237425804,1.337762713432312,
single,hiranniramol,sequence,cnn53,pos12_C,*,0.0470314621925354,1.2115182876586914,
single,hiranniramol,sequence,cnn53,pos2_T,*,0.0470162257552146,1.2753825187683103,
single,hiranniramol,sequence,cnn53,pos14_G,*,0.0466733500361442,1.3203163146972656,
single,hiranniramol,sequence,cnn53,pos6_G,*,0.046246588230133,1.2995325326919556,
single,hiranniramol,sequence,cnn53,pos6_C,*,0.0459975190460681,1.4088505506515503,
single,hiranniramol,sequence,cnn53,pos13_G,*,0.045334368944168,1.367770433425903,
single,hiranniramol,sequence,cnn53,pos9_C,*,0.0448506884276866,1.2873237133026123,
single,hiranniramol,sequence,cnn53,pos4_C,*,0.0446065925061702,1.300740361213684,
single,hiranniramol,sequence,cnn53,pos2_A,*,0.0440435446798801,1.2192142009735107,
single,hiranniramol,sequence,cnn53,pos1_A,*,0.0407920964062213,1.4093061685562134,
single,hiranniramol,sequence,cnn53,pos22_T,*,0.0403170138597488,1.5166717767715454,
single,hiranniramol,sequence,cnn53,pos23_T,*,0.0390922240912914,1.4105157852172852,
single,hiranniramol,sequence,cnn53,pos2_C,*,0.0367834232747554,1.2108701467514038,
single,hiranniramol,sequence,cnn53,pos23_G,*,0.033923041075468,1.2682843208312988,
single,hiranniramol,sequence,cnn53,pos1_G,*,0.0337920486927032,1.304974913597107,
single,hiranniramol,sequence,cnn53,pos17_T,.,0.0662232041358947,1.1210271120071411,
single,hiranniramol,sequence,cnn53,pos7_T,.,0.0545017272233963,1.163144588470459,
single,hiranniramol,sequence,cnn53,pos15_T,.,0.0540843419730663,1.1744154691696167,
single,hiranniramol,sequence,cnn53,pos18_A,.,0.053778238594532,1.142338514328003,
single,hiranniramol,sequence,cnn53,pos12_T,.,0.05203128606081,1.16111958026886,
single,hiranniramol,sequence,cnn53,pos5_T,.,0.05075354129076,1.1527061462402344,
single,hiranniramol,sequence,cnn53,pos4_T,.,0.0506881400942802,1.1799765825271606,
single,hiranniramol,sequence,cnn53,pos6_T,.,0.048807106912136,1.096902847290039,
single,hiranniramol,sequence,cnn53,pos11_T,.,0.0476991832256317,1.1237318515777588,
single,hiranniramol,sequence,cnn53,pos22_G,.,0.0357877425849437,1.18043315410614,
single,hiranniramol,sequence,cnn73,pos20_G,**,0.1230303645133972,1.922856569290161,
single,hiranniramol,sequence,cnn73,pos19_T,**,0.1226145774126052,1.8660968542099,
single,hiranniramol,sequence,cnn73,pos20_T,**,0.1123246327042579,2.1073849201202397,
single,hiranniramol,sequence,cnn73,pos21_T,**,0.0936660021543502,2.430950880050659,
single,hiranniramol,sequence,cnn73,pos22_G,**,0.0719780996441841,1.9405471086502075,
single,hiranniramol,sequence,cnn73,pos22_A,**,0.051385723054409,1.8765820264816284,
single,hiranniramol,sequence,cnn73,pos1_A,**,0.0349754020571708,1.8062223196029663,
single,hiranniramol,sequence,cnn73,pos18_T,*,0.0837491229176521,1.2261581420898438,
single,hiranniramol,sequence,cnn73,pos19_G,*,0.0812829509377479,1.3366354703903198,
single,hiranniramol,sequence,cnn73,pos17_T,*,0.0649702697992324,1.226323127746582,
single,hiranniramol,sequence,cnn73,pos16_G,*,0.0592115707695484,1.5571545362472534,
single,hiranniramol,sequence,cnn73,pos13_T,*,0.0586970672011375,1.4001753330230713,
single,hiranniramol,sequence,cnn73,pos18_C,*,0.0584000349044799,1.5294203758239746,
single,hiranniramol,sequence,cnn73,pos23_G,*,0.0579565167427063,1.74659526348114,
single,hiranniramol,sequence,cnn73,pos15_G,*,0.0575034096837043,1.5345455408096311,
single,hiranniramol,sequence,cnn73,pos12_T,*,0.0562087707221508,1.230024814605713,
single,hiranniramol,sequence,cnn73,pos20_C,*,0.0560511127114295,1.622277855873108,
single,hiranniramol,sequence,cnn73,pos11_T,*,0.0553425438702106,1.2540736198425293,
single,hiranniramol,sequence,cnn73,pos21_A,*,0.0543556921184062,1.7700905799865725,
single,hiranniramol,sequence,cnn73,pos14_T,*,0.0524659864604473,1.2846676111221311,
single,hiranniramol,sequence,cnn73,pos18_G,*,0.0509981177747249,1.3186534643173218,
single,hiranniramol,sequence,cnn73,pos10_T,*,0.0509159639477729,1.2462376356124878,
single,hiranniramol,sequence,cnn73,pos17_A,*,0.0491886474192142,1.5530489683151243,
single,hiranniramol,sequence,cnn73,pos17_G,*,0.0487500801682472,1.3692896366119385,
single,hiranniramol,sequence,cnn73,pos8_T,*,0.048169270157814,1.2971206903457642,
single,hiranniramol,sequence,cnn73,pos14_G,*,0.0474611856043338,1.430200219154358,
single,hiranniramol,sequence,cnn73,pos16_A,*,0.0472397208213806,1.5023914575576782,
single,hiranniramol,sequence,cnn73,pos21_G,*,0.0448480509221553,1.328683376312256,
single,hiranniramol,sequence,cnn73,pos7_G,*,0.0440379790961742,1.3177640438079834,
single,hiranniramol,sequence,cnn73,pos11_G,*,0.0437916554510593,1.3096052408218384,
single,hiranniramol,sequence,cnn73,pos12_G,*,0.0431964173913002,1.3221677541732788,
single,hiranniramol,sequence,cnn73,pos8_G,*,0.0428263656795024,1.4470326900482178,
single,hiranniramol,sequence,cnn73,pos10_G,*,0.0428188927471637,1.3904027938842771,
single,hiranniramol,sequence,cnn73,pos22_T,*,0.0422515049576759,1.410133957862854,
single,hiranniramol,sequence,cnn73,pos13_G,*,0.0417849346995353,1.283537745475769,
single,hiranniramol,sequence,cnn73,pos15_A,*,0.0416305549442768,1.4455235004425049,
single,hiranniramol,sequence,cnn73,pos18_A,*,0.040895901620388,1.3715167045593262,
single,hiranniramol,sequence,cnn73,pos9_G,*,0.0407521091401577,1.2220308780670166,
single,hiranniramol,sequence,cnn73,pos14_A,*,0.0406572669744491,1.501809000968933,
single,hiranniramol,sequence,cnn73,pos17_C,*,0.0405399799346923,1.37643563747406,
single,hiranniramol,sequence,cnn73,pos3_A,*,0.0397266931831836,1.7458852529525757,
single,hiranniramol,sequence,cnn73,pos6_G,*,0.0396125391125679,1.293765425682068,
single,hiranniramol,sequence,cnn73,pos5_G,*,0.0393253192305564,1.226364016532898,
single,hiranniramol,sequence,cnn73,pos23_T,*,0.0388802960515022,1.4334335327148438,
single,hiranniramol,sequence,cnn73,pos19_A,*,0.0386340618133544,1.2977739572525024,
single,hiranniramol,sequence,cnn73,pos11_A,*,0.038231860846281,1.4303374290466309,
single,hiranniramol,sequence,cnn73,pos4_A,*,0.0380511805415153,1.6639962196350098,
single,hiranniramol,sequence,cnn73,pos9_A,*,0.0379239842295646,1.345993161201477,
single,hiranniramol,sequence,cnn73,pos19_C,*,0.0376267693936824,1.3490467071533203,
single,hiranniramol,sequence,cnn73,pos2_A,*,0.0369574911892414,1.7642017602920532,
single,hiranniramol,sequence,cnn73,pos5_A,*,0.0369099862873554,1.5940899848937988,
single,hiranniramol,sequence,cnn73,pos4_G,*,0.0368058048188686,1.3000544309616089,
single,hiranniramol,sequence,cnn73,pos7_A,*,0.0366894043982028,1.5045905113220217,
single,hiranniramol,sequence,cnn73,pos6_A,*,0.0363388620316982,1.488980770111084,
single,hiranniramol,sequence,cnn73,pos23_C,*,0.0362243130803108,1.5213574171066284,
single,hiranniramol,sequence,cnn73,pos12_A,*,0.0361381433904171,1.2994372844696045,
single,hiranniramol,sequence,cnn73,pos9_C,*,0.0359337255358696,1.2954586744308472,
single,hiranniramol,sequence,cnn73,pos21_C,*,0.0357100330293178,1.4011356830596924,
single,hiranniramol,sequence,cnn73,pos20_A,*,0.0354551300406456,1.380042552947998,
single,hiranniramol,sequence,cnn73,pos15_C,*,0.035422645509243,1.3100394010543823,
single,hiranniramol,sequence,cnn73,pos22_C,*,0.0353621505200862,1.530726194381714,
single,hiranniramol,sequence,cnn73,pos11_C,*,0.0350125953555107,1.2599953413009644,
single,hiranniramol,sequence,cnn73,pos10_C,*,0.0348829329013824,1.3869973421096802,
single,hiranniramol,sequence,cnn73,pos16_C,*,0.0347783081233501,1.2471901178359983,
single,hiranniramol,sequence,cnn73,pos10_A,*,0.0347523391246795,1.2470813989639282,
single,hiranniramol,sequence,cnn73,pos3_G,*,0.0346262231469154,1.2508656978607178,
single,hiranniramol,sequence,cnn73,pos8_A,*,0.0341919623315334,1.3725526332855225,
single,hiranniramol,sequence,cnn73,pos13_C,*,0.0337096750736236,1.340113401412964,
single,hiranniramol,sequence,cnn73,pos14_C,*,0.0331233143806457,1.3284614086151123,
single,hiranniramol,sequence,cnn73,pos13_A,*,0.0321968905627727,1.2636539936065674,
single,hiranniramol,sequence,cnn73,pos23_A,*,0.0315876305103302,1.4237860441207886,
single,hiranniramol,sequence,cnn73,pos6_C,*,0.0313996486365795,1.2507420778274536,
single,hiranniramol,sequence,cnn73,pos8_C,*,0.0313961841166019,1.267910122871399,
single,hiranniramol,sequence,cnn73,pos12_C,*,0.0310321822762489,1.2987194061279297,
single,hiranniramol,sequence,cnn73,pos4_C,*,0.0264993291348218,1.2575174570083618,
single,hiranniramol,sequence,cnn73,pos3_C,*,0.024603271856904,1.322659969329834,
single,hiranniramol,sequence,cnn73,pos2_C,*,0.0229854099452495,1.380674123764038,
single,hiranniramol,sequence,cnn73,pos1_C,*,0.0168045964092016,1.3632606267929075,
single,hiranniramol,sequence,cnn73,pos16_T,.,0.0577366985380649,1.1815391778945925,
single,hiranniramol,sequence,cnn73,pos15_T,.,0.0559467412531375,1.1546324491500854,
single,hiranniramol,sequence,cnn73,pos9_T,.,0.055027462542057,1.1789541244506836,
single,hiranniramol,sequence,cnn73,pos7_T,.,0.0539104603230953,1.1948931217193604,
single,hiranniramol,sequence,cnn73,pos6_T,.,0.0488644167780876,1.1429823637008667,
single,hiranniramol,sequence,cnn73,pos5_T,.,0.0423861481249332,1.1341358423233032,
single,hiranniramol,sequence,cnn73,pos4_T,.,0.040032535791397,1.177873969078064,
single,hiranniramol,sequence,cnn73,pos7_C,.,0.0361883975565433,1.1884526014328003,
single,hiranniramol,sequence,cnn73,pos3_T,.,0.031949046999216,1.0755181312561035,
single,hiranniramol,sequence,cnn73,pos2_G,.,0.0309537462890148,1.177103042602539,
single,hiranniramol,sequence,cnn73,pos5_C,.,0.0306549947708845,1.181333065032959,
single,hiranniramol,sequence,cnn73,pos2_T,.,0.0291103664785623,1.1744307279586792,
single,hiranniramol,sequence,cnn73,pos1_G,.,0.0270615424960851,1.125046968460083,
single,hiranniramol,sequence,cnn73,pos1_T,.,0.0216205865144729,1.114361047744751,
single,hiranniramol,sequence,linear,pos20_G,***,0.2951211541795844,10.469790972912232,0.0
single,hiranniramol,sequence,linear,pos19_G,***,0.2675516601486118,9.485290551567942,0.0
single,hiranniramol,sequence,linear,pos17_C,***,0.1549728477100725,5.742951896642361,3.0195023814627575e-07
single,hiranniramol,sequence,linear,pos19_C,***,0.1476158427461047,5.25839165240503,3.217920584996925e-06
single,hiranniramol,sequence,linear,pos15_A,***,0.1463520194002188,5.133483812813305,3.5253583341443573e-06
single,hiranniramol,sequence,linear,pos11_A,***,0.143702041447456,5.176430536481635,3.293312819859414e-06
single,hiranniramol,sequence,linear,pos21_G,***,0.1417877337846457,5.177472689467913,3.293312819859414e-06
single,hiranniramol,sequence,linear,pos19_A,***,0.1382720786233774,4.84742566217589,1.1559211963656997e-05
single,hiranniramol,sequence,linear,pos18_C,***,0.1379591529533223,4.96419979480431,7.290993508657362e-06
single,hiranniramol,sequence,linear,pos20_A,***,0.1309409304890479,4.773959544958207,1.487925156595793e-05
single,hiranniramol,sequence,linear,pos6_A,***,0.1136005730656809,3.957574007576944,0.0004784680514611
single,hiranniramol,sequence,linear,pos6_G,***,0.1130134832456164,4.000068145173112,0.0004379797821011
single,hiranniramol,sequence,linear,pos16_A,**,0.1076241116815268,3.752086277114057,0.0010082501480449
single,hiranniramol,sequence,linear,pos10_A,**,0.1022820150634411,3.7031953474568575,0.0011330449535851
single,hiranniramol,sequence,linear,pos17_A,**,0.1006733803044747,3.651011236405663,0.0012932985670254
single,hiranniramol,sequence,linear,pos10_C,**,0.095532097827013,3.429100761241051,0.0027766093828909
single,hiranniramol,sequence,linear,pos11_G,**,0.0858391094202964,3.122574497253556,0.0076313282669407
single,hiranniramol,sequence,linear,pos2_C,*,0.0846798416208138,3.002403751763808,0.0107209051116567
single,hiranniramol,sequence,linear,pos17_G,*,0.0821442292044997,2.931643514757591,0.0127545344684659
single,hiranniramol,sequence,linear,pos21_C,*,0.0795136885644559,2.9042254917070998,0.0132187768302802
single,hiranniramol,sequence,linear,pos4_G,*,0.0710733219377909,2.5560332949727687,0.0358658956549577
single,hiranniramol,sequence,linear,pos12_A,*,0.0682978165325365,2.4507977213075702,0.0459900665615187
single,hiranniramol,sequence,linear,pos18_A,.,0.0670136626637916,2.3669073335026494,0.0552698895835851
single,hiranniramol,sequence,linear,pos16_C,.,0.0640472510982784,2.268451697659957,0.0686908717837592
single,hiranniramol,sequence,linear,pos1_G,.,0.0622525061762331,2.226301435310496,0.073513462114951
single,hiranniramol,sequence,linear,pos7_G,.,0.0609455454403305,2.167747715646956,0.0819919681511239
single,hiranniramol,sequence,linear,pos4_A,.,0.0597215413885527,2.148416492314734,0.0828643331898966
single,hiranniramol,sequence,linear,pos14_A,.,0.0594930527551684,2.114448890179156,0.0869171192604401
single,hiranniramol,sequence,linear,pos18_G,.,0.0564929584655545,2.0666873318471963,0.0942954432961822
single,hiranniramol,sequence,mlp,pos22_G,***,0.06116622,3.0086215,
single,hiranniramol,sequence,mlp,pos23_G,*,0.02197973,1.2915438,
single,hiranniramol,sequence,transformer,pos22_A,***,0.0241193585097789,3.7907443046569824,
single,hiranniramol,sequence,transformer,pos22_C,***,0.0241193585097789,3.7907443046569824,
single,hiranniramol,sequence,transformer,pos22_G,***,0.0241193585097789,3.7907443046569824,
single,hiranniramol,sequence,transformer,pos22_T,***,0.0241193585097789,3.7907443046569824,
single,hiranniramol,sequence,transformer,pos23_A,***,0.017441663891077,4.818188667297363,
single,hiranniramol,sequence,transformer,pos23_C,***,0.017441663891077,4.818188667297363,
single,hiranniramol,sequence,transformer,pos23_G,***,0.017441663891077,4.818188667297363,
single,hiranniramol,sequence,transformer,pos23_T,***,0.017441663891077,4.818188667297363,
single,hiranniramol,sequence,transformer,pos19_A,**,0.1534537076950073,2.0385262966156006,
single,hiranniramol,sequence,transformer,pos19_C,**,0.1534537076950073,2.0385262966156006,
single,hiranniramol,sequence,transformer,pos19_G,**,0.1534537076950073,2.0385262966156006,
single,hiranniramol,sequence,transformer,pos19_T,**,0.1534537076950073,2.0385262966156006,
single,hiranniramol,sequence,transformer,pos11_T,**,0.053130280226469,2.4095382690429688,
single,hiranniramol,sequence,transformer,pos11_G,**,0.053130280226469,2.4095382690429688,
single,hiranniramol,sequence,transformer,pos11_C,**,0.053130280226469,2.4095382690429688,
single,hiranniramol,sequence,transformer,pos11_A,**,0.053130280226469,2.4095382690429688,
single,hiranniramol,sequence,transformer,pos12_A,**,0.0482178330421447,1.8765032291412356,
single,hiranniramol,sequence,transformer,pos12_C,**,0.0482178330421447,1.8765032291412356,
single,hiranniramol,sequence,transformer,pos12_G,**,0.0482178330421447,1.8765032291412356,
single,hiranniramol,sequence,transformer,pos12_T,**,0.0482178330421447,1.8765032291412356,
single,hiranniramol,sequence,transformer,pos13_T,**,0.0184752363711595,1.950316071510315,
single,hiranniramol,sequence,transformer,pos13_G,**,0.0184752363711595,1.950316071510315,
single,hiranniramol,sequence,transformer,pos13_C,**,0.0184752363711595,1.950316071510315,
single,hiranniramol,sequence,transformer,pos13_A,**,0.0184752363711595,1.950316071510315,
single,hiranniramol,sequence,transformer,pos20_T,*,0.1555447429418563,1.780941128730774,
single,hiranniramol,sequence,transformer,pos20_G,*,0.1555447429418563,1.780941128730774,
single,hiranniramol,sequence,transformer,pos20_C,*,0.1555447429418563,1.780941128730774,
single,hiranniramol,sequence,transformer,pos20_A,*,0.1555447429418563,1.780941128730774,
single,hiranniramol,sequence,transformer,pos18_T,*,0.0389056093990802,1.6580246686935425,
single,hiranniramol,sequence,transformer,pos18_G,*,0.0389056093990802,1.6580246686935425,
single,hiranniramol,sequence,transformer,pos18_C,*,0.0389056093990802,1.6580246686935425,
single,hiranniramol,sequence,transformer,pos18_A,*,0.0389056093990802,1.6580246686935425,
single,hiranniramol,sequence,transformer,pos10_A,*,0.0315822996199131,1.5525667667388916,
single,hiranniramol,sequence,transformer,pos10_C,*,0.0315822996199131,1.5525667667388916,
single,hiranniramol,sequence,transformer,pos10_G,*,0.0315822996199131,1.5525667667388916,
single,hiranniramol,sequence,transformer,pos10_T,*,0.0315822996199131,1.5525667667388916,
single,hiranniramol,sequence,transformer,pos9_T,*,0.0240438319742679,1.2082210779190063,
single,hiranniramol,sequence,transformer,pos9_G,*,0.0240438319742679,1.2082210779190063,
single,hiranniramol,sequence,transformer,pos9_C,*,0.0240438319742679,1.2082210779190063,
single,hiranniramol,sequence,transformer,pos9_A,*,0.0240438319742679,1.2082210779190063,
single,hiranniramol,sequence,transformer,pos17_T,*,0.0233785323798656,1.5860782861709597,
single,hiranniramol,sequence,transformer,pos17_G,*,0.0233785323798656,1.5860782861709597,
single,hiranniramol,sequence,transformer,pos17_C,*,0.0233785323798656,1.5860782861709597,
single,hiranniramol,sequence,transformer,pos17_A,*,0.0233785323798656,1.5860782861709597,
single,hiranniramol,sequence,transformer,pos16_T,*,0.0213243197649717,1.4103679656982422,
single,hiranniramol,sequence,transformer,pos16_G,*,0.0213243197649717,1.4103679656982422,
single,hiranniramol,sequence,transformer,pos16_C,*,0.0213243197649717,1.4103679656982422,
single,hiranniramol,sequence,transformer,pos16_A,*,0.0213243197649717,1.4103679656982422,
single,hiranniramol,sequence,transformer,pos15_A,*,0.017440466210246,1.2372641563415527,
single,hiranniramol,sequence,transformer,pos15_C,*,0.017440466210246,1.2372641563415527,
single,hiranniramol,sequence,transformer,pos15_G,*,0.017440466210246,1.2372641563415527,
single,hiranniramol,sequence,transformer,pos15_T,*,0.017440466210246,1.2372641563415527,
single,hiranniramol,sequence,transformer,pos14_A,*,0.0127976788207888,1.5401266813278198,
single,hiranniramol,sequence,transformer,pos14_C,*,0.0127976788207888,1.5401266813278198,
single,hiranniramol,sequence,transformer,pos14_G,*,0.0127976788207888,1.5401266813278198,
single,hiranniramol,sequence,transformer,pos14_T,*,0.0127976788207888,1.5401266813278198,
single,hiranniramol,sequence,transformer,pos1_A,.,0.0562113597989082,0.9425455927848816,
single,hiranniramol,sequence,transformer,pos1_C,.,0.0562113597989082,0.9425455927848816,
single,hiranniramol,sequence,transformer,pos1_G,.,0.0562113597989082,0.9425455927848816,
single,hiranniramol,sequence,transformer,pos1_T,.,0.0562113597989082,0.9425455927848816,
single,hiranniramol,sequence,transformer,pos2_A,.,0.0526347458362579,0.930637776851654,
single,hiranniramol,sequence,transformer,pos2_C,.,0.0526347458362579,0.930637776851654,
single,hiranniramol,sequence,transformer,pos2_G,.,0.0526347458362579,0.930637776851654,
single,hiranniramol,sequence,transformer,pos2_T,.,0.0526347458362579,0.930637776851654,
single,hiranniramol,sequence,transformer,pos21_T,.,0.0516149774193763,1.0954442024230957,
single,hiranniramol,sequence,transformer,pos21_G,.,0.0516149774193763,1.0954442024230957,
single,hiranniramol,sequence,transformer,pos21_C,.,0.0516149774193763,1.0954442024230957,
single,hiranniramol,sequence,transformer,pos21_A,.,0.0516149774193763,1.0954442024230957,
single,hiranniramol,sequence,transformer,pos3_T,.,0.0435509271919727,1.0630881786346436,
single,hiranniramol,sequence,transformer,pos3_G,.,0.0435509271919727,1.0630881786346436,
single,hiranniramol,sequence,transformer,pos3_C,.,0.0435509271919727,1.0630881786346436,
single,hiranniramol,sequence,transformer,pos3_A,.,0.0435509271919727,1.0630881786346436,
single,hiranniramol,sequence,transformer,pos6_A,.,0.0339665859937667,1.0972330570220947,
single,hiranniramol,sequence,transformer,pos6_C,.,0.0339665859937667,1.0972330570220947,
single,hiranniramol,sequence,transformer,pos6_G,.,0.0339665859937667,1.0972330570220947,
single,hiranniramol,sequence,transformer,pos6_T,.,0.0339665859937667,1.0972330570220947,
single,hiranniramol,sequence,transformer,pos5_A,.,0.0328432023525238,1.146390438079834,
single,hiranniramol,sequence,transformer,pos5_C,.,0.0328432023525238,1.146390438079834,
single,hiranniramol,sequence,transformer,pos5_G,.,0.0328432023525238,1.146390438079834,
single,hiranniramol,sequence,transformer,pos5_T,.,0.0328432023525238,1.146390438079834,
single,hiranniramol,sequence,transformer,pos7_T,.,0.0321663245558738,0.9582777619361876,
single,hiranniramol,sequence,transformer,pos7_G,.,0.0321663245558738,0.9582777619361876,
single,hiranniramol,sequence,transformer,pos7_C,.,0.0321663245558738,0.9582777619361876,
single,hiranniramol,sequence,transformer,pos7_A,.,0.0321663245558738,0.9582777619361876,
single,hiranniramol,sequence,transformer,pos4_T,.,0.0299581456929445,1.0899059772491455,
single,hiranniramol,sequence,transformer,pos4_G,.,0.0299581456929445,1.0899059772491455,
single,hiranniramol,sequence,transformer,pos4_C,.,0.0299581456929445,1.0899059772491455,
single,hiranniramol,sequence,transformer,pos4_A,.,0.0299581456929445,1.0899059772491455,
single,hiranniramol,sequence,transformer,pos8_T,.,0.0271982178092002,0.9734809398651124,
single,hiranniramol,sequence,transformer,pos8_G,.,0.0271982178092002,0.9734809398651124,
single,hiranniramol,sequence,transformer,pos8_C,.,0.0271982178092002,0.9734809398651124,
single,hiranniramol,sequence,transformer,pos8_A,.,0.0271982178092002,0.9734809398651124,
single,hiranniramol,sequence,xgboost,pos20_G,.,0.6116545796394348,0.8458194296410335,
single,hiranniramol,sequence,xgboost,pos19_T,.,0.5733702778816223,0.8167821292715922,
single,hiranniramol,sequence,xgboost,pos19_G,.,0.3793233633041382,0.8341261140224093,
single,hiranniramol,sequence,xgboost,pos20_T,.,0.3696737885475158,0.8271920184829626,
single,hiranniramol,sequence,xgboost,pos21_G,.,0.3508919179439544,0.8297901248426393,
single,hiranniramol,sequence,xgboost,pos14_A,.,0.2697663903236389,0.8441159387989476,
single,hiranniramol,sequence,xgboost,pos11_A,.,0.2649599015712738,0.8020556429319208,
single,hiranniramol,sequence,xgboost,pos17_T,.,0.2577895224094391,0.8016994146280515,
single,hiranniramol,sequence,xgboost,pos18_T,.,0.256059467792511,0.8124587584253611,
single,hiranniramol,sequence,xgboost,pos17_C,.,0.2398609519004821,0.8217630968938882,
single,hiranniramol,sequence,xgboost,pos11_T,.,0.2145659625530243,0.8304084164826937,
single,hiranniramol,sequence,xgboost,pos15_T,.,0.2036739587783813,0.8118934710332187,
single,hiranniramol,sequence,xgboost,pos10_T,.,0.1670245975255966,0.8052604008344143,
single,hiranniramol,sequence,xgboost,pos14_G,.,0.1592061072587967,0.8138409297965213,
single,hiranniramol,sequence,xgboost,pos6_G,.,0.1553466469049453,0.8270698662342417,
single,hiranniramol,sequence,xgboost,pos6_T,.,0.1521794348955154,0.8069268641524886,
single,hiranniramol,sequence,xgboost,pos2_T,.,0.1360187381505966,0.8024687493608281,
single,hiranniramol,sequence,xgboost,pos1_G,.,0.1154875680804252,0.8010354452989281,
single,hiranniramol,sequence,xgboost,pos2_C,.,0.0939117819070816,0.8019424362341382,
single,hiranniramol,sequence,xgboost,pos10_C,.,0.0873430743813514,0.8105425860961787,
single,hiranniramol,sequence,xgboost,pos1_C,.,0.0842674821615219,0.8180534556935978,
single,hiranniramol,sequence,xgboost,pos10_G,.,0.0681541636586189,0.811089051266872,
