Feature,XGB_Gain,XGB_Weight,XGB_Cover,TreeSHAP,SHAP_SNR
pos20_G,0.6116545796394348,160.0,171.2937469482422,0.06564195454120636,0.8458194296410335
pos19_T,0.5733702778816223,125.0,180.9040069580078,0.05085981264710426,0.8167821292715922
pos19_G,0.3793233633041382,99.0,165.60606384277344,0.037192828953266144,0.8341261140224093
pos20_T,0.36967378854751587,93.0,186.02149963378906,0.035789698362350464,0.8271920184829626
pos21_G,0.35089191794395447,89.0,169.35955810546875,0.02828003466129303,0.8297901248426393
pos14_A,0.2697663903236389,89.0,150.8539276123047,0.01743394322693348,0.8441159387989476
pos11_A,0.2649599015712738,89.0,129.7528076171875,0.02012626640498638,0.8020556429319208
pos17_T,0.2577895224094391,118.0,182.76271057128906,0.03125794231891632,0.8016994146280515
pos18_T,0.256059467792511,114.0,119.9473648071289,0.02220223844051361,0.8124587584253611
pos18_C,0.24903491139411926,77.0,172.3116912841797,0.019582699984312057,0.7868918004765145
pos17_C,0.23986095190048218,88.0,121.65908813476562,0.018026698380708694,0.8217630968938882
pos15_A,0.21955248713493347,84.0,253.57142639160156,0.02316567860543728,0.7772919980777159
pos11_T,0.2145659625530243,116.0,138.77586364746094,0.024782471358776093,0.8304084164826937
pos16_T,0.21003107726573944,88.0,131.71591186523438,0.014897972345352173,0.7344242786162606
pos15_T,0.20367395877838135,108.0,132.04629516601562,0.01342121884226799,0.8118934710332187
pos20_C,0.17571225762367249,165.0,117.9272689819336,0.015502982772886753,0.7818901747925923
pos20_A,0.17223235964775085,100.0,140.36000061035156,0.00863206572830677,0.7410859456163041
pos10_T,0.16702459752559662,110.0,186.1454620361328,0.024134976789355278,0.8052604008344143
pos21_C,0.1629292219877243,85.0,126.95294189453125,0.009574930183589458,0.7274194897861616
pos14_G,0.1592061072587967,93.0,143.84945678710938,0.016666976734995842,0.8138409297965213
pos6_G,0.15534664690494537,100.0,125.63999938964844,0.012526050209999084,0.8270698662342417
pos18_G,0.15337541699409485,108.0,98.87036895751953,0.006053161341696978,0.6905546890929477
pos6_T,0.15217943489551544,97.0,118.05154418945312,0.01327282190322876,0.8069268641524886
pos12_A,0.14967097342014313,103.0,133.36892700195312,0.011342651210725307,0.7566472573741756
pos16_A,0.14946149289608002,86.0,168.44186401367188,0.012823746539652348,0.7550021784275086
pos14_T,0.14650528132915497,93.0,117.3763427734375,0.003922870848327875,0.5392637379052913
pos21_T,0.14565497636795044,82.0,231.52438354492188,0.017064029350876808,0.7873952720583229
pos7_T,0.13936688005924225,118.0,124.36441040039062,0.008312815800309181,0.7451565298239324
pos6_A,0.13686160743236542,85.0,115.34117889404297,0.006655026692897081,0.731341643675305
pos2_T,0.13601873815059662,96.0,116.57291412353516,0.011676969937980175,0.8024687493608281
pos13_C,0.13356050848960876,112.0,121.99107360839844,0.007448982913047075,0.6706454392558716
pos4_G,0.13203687965869904,104.0,121.46154022216797,0.008048108778893948,0.7458984647246003
pos17_G,0.12865877151489258,115.0,73.75652313232422,0.0038480767980217934,0.7174152747148491
pos8_A,0.12357093393802643,79.0,145.74684143066406,0.008334984071552753,0.7726385116064617
pos1_T,0.12306959182024002,113.0,113.93804931640625,0.010425332933664322,0.7568502724563335
pos16_G,0.1201004683971405,133.0,125.31578826904297,0.011349852196872234,0.799735394784918
pos1_G,0.11548756808042526,124.0,112.20967864990234,0.012911227531731129,0.8010354452989281
pos7_G,0.11447835713624954,81.0,112.7283935546875,0.007408736273646355,0.7963548789541145
pos4_C,0.11225277185440063,91.0,85.13186645507812,0.007403706666082144,0.7519379048637567
pos8_G,0.10482766479253769,79.0,92.96202850341797,0.0033688992261886597,0.6610225658872989
pos13_T,0.10368244349956512,92.0,104.76087188720703,0.007608345709741116,0.7848173267325669
pos13_A,0.10332242399454117,90.0,81.24444580078125,0.002840448869392276,0.6647746720870753
pos19_C,0.10137036442756653,104.0,117.63461303710938,0.003838985925540328,0.7066996469298098
pos12_T,0.1012205183506012,72.0,130.875,0.006303142290562391,0.7687543787051745
pos17_A,0.09773082286119461,88.0,90.42045593261719,0.0027286126278340816,0.5965088106564204
pos16_C,0.09713304787874222,94.0,100.32978820800781,0.0033330675214529037,0.7197770066869479
pos4_T,0.09593760222196579,114.0,122.5,0.010313000530004501,0.7841505217171862
pos21_A,0.09579099714756012,97.0,136.45361328125,0.009814565069973469,0.7870017381903884
pos8_C,0.09399456530809402,57.0,86.5614013671875,0.002047973684966564,0.6705416272761987
pos2_C,0.0939117819070816,128.0,111.2265625,0.011212794110178947,0.8019424362341382
pos15_C,0.09181191772222519,74.0,162.78378295898438,0.0049345651641488075,0.6836997304422713
pos3_C,0.09067095071077347,100.0,110.12999725341797,0.008931933902204037,0.7989389510921335
pos9_C,0.0880633220076561,87.0,97.42528533935547,0.00441520381718874,0.7512460645089931
pos10_C,0.08734307438135147,66.0,91.31818389892578,0.003524587955325842,0.8105425860961787
pos19_A,0.08671766519546509,99.0,114.78787994384766,0.003298772731795907,0.6750981903587422
pos7_A,0.08597507327795029,98.0,100.2755126953125,0.006111578084528446,0.7277111695540128
pos1_C,0.08426748216152191,117.0,117.21367645263672,0.012251032516360283,0.8180534556935978
pos13_G,0.08140019327402115,81.0,114.24691009521484,0.0032708693761378527,0.720394832833333
pos8_T,0.08101518452167511,94.0,122.05319213867188,0.005575519986450672,0.7182813612452823
pos11_C,0.08090701699256897,91.0,108.42857360839844,0.004847375210374594,0.733196535819935
pos15_G,0.08045276999473572,95.0,104.23158264160156,0.0035712120588868856,0.7144743881799956
pos7_C,0.0801038146018982,91.0,66.5934066772461,0.0028241651598364115,0.7041492200279031
pos14_C,0.07992321252822876,62.0,104.54838562011719,0.0022891045082360506,0.7090658920993927
pos2_G,0.07947677373886108,79.0,69.69620513916016,0.0016752372030168772,0.7353964787507282
pos5_A,0.07911816239356995,110.0,69.83636474609375,0.002940179081633687,0.6553045531405743
pos3_A,0.07880572974681854,81.0,78.22222137451172,0.003760137828066945,0.7113106882433103
pos9_A,0.07826655358076096,65.0,81.64615631103516,0.002875313861295581,0.7159058628001017
pos2_A,0.07754199951887131,79.0,54.177215576171875,0.001787874847650528,0.7133303919834577
pos6_C,0.07697832584381104,91.0,129.56044006347656,0.004896477330476046,0.7596867765297337
pos12_C,0.07580617070198059,73.0,113.67123413085938,0.002502156188711524,0.7211382902253106
pos18_A,0.07495293766260147,107.0,107.19625854492188,0.00262853829190135,0.6542039295276255
pos10_A,0.07478740811347961,65.0,142.60000610351562,0.004466230981051922,0.7242892682914464
pos5_C,0.07410887628793716,70.0,64.47142791748047,0.0030037364922463894,0.7423463966404017
pos9_T,0.0736430212855339,81.0,106.96295928955078,0.0023416229523718357,0.7196503324559492
pos9_G,0.07134412229061127,80.0,110.4375,0.0030885946471244097,0.6674367903017324
pos5_T,0.07001291215419769,69.0,94.5362319946289,0.003777021076530218,0.6562223761140948
pos10_G,0.06815416365861893,90.0,104.65555572509766,0.0068957204930484295,0.811089051266872
pos11_G,0.06722691655158997,102.0,98.6568603515625,0.0029639508575201035,0.6575415768561488
pos4_A,0.06563743203878403,90.0,136.64443969726562,0.006162378471344709,0.772278419618482
pos5_G,0.06505594402551651,75.0,77.78666687011719,0.0022155949845910072,0.6502961211201903
pos3_G,0.06465688347816467,101.0,62.47524642944336,0.002920457161962986,0.6767178948428604
pos12_G,0.06451011449098587,75.0,102.73332977294922,0.003565276274457574,0.7636204518606047
pos3_T,0.06251464784145355,56.0,110.80357360839844,0.0018637734465301037,0.7075377686561676
pos1_A,0.05650106444954872,88.0,99.19318389892578,0.0021171995904296637,0.701970848683662
pos22_A,0.0,0.0,0.0,0.0,0.0
pos22_C,0.0,0.0,0.0,0.0,0.0
pos22_G,0.0,0.0,0.0,0.0,0.0
pos22_T,0.0,0.0,0.0,0.0,0.0
pos23_A,0.0,0.0,0.0,0.0,0.0
pos23_C,0.0,0.0,0.0,0.0,0.0
pos23_G,0.0,0.0,0.0,0.0,0.0
pos23_T,0.0,0.0,0.0,0.0,0.0
