iteration,train_rmse,validation_rmse
0,0.36237749869391433,0.37606415792324094
1,0.35684066509627044,0.3726433464647674
2,0.3506608010304984,0.36800795433964145
3,0.34459760315983,0.36424715205801533
4,0.3393803118909998,0.36084397919008504
5,0.3341016780161253,0.356882093884716
6,0.32896454445266393,0.35263165968217786
7,0.32392404578784983,0.3488625312387621
8,0.3186961372326468,0.3460886294774792
9,0.3138753158126859,0.3428994287252302
10,0.3092135490305768,0.3397916505332489
11,0.30530464703517074,0.33767264410029146
12,0.30136954996750465,0.335652977260883
13,0.2976870526152485,0.3332499257579836
14,0.2940666072149526,0.33134751761479503
15,0.2901173609578073,0.32947603967362354
16,0.2865791738994728,0.32740673427472
17,0.28301740068754466,0.32587969935390676
18,0.2798372620270375,0.3236382276183807
19,0.27699894888991644,0.32219726230936724
20,0.27379250797608384,0.32007524977647345
21,0.2710399778400041,0.318970168458313
22,0.2679271137521194,0.31732466925188657
23,0.26537012220549333,0.31678210267491946
24,0.26299497869749655,0.3159151746329081
25,0.260391142188527,0.31458588450429903
26,0.2574935196627688,0.31390980085575587
27,0.25498084990188213,0.31284563900696294
28,0.25268727236862343,0.31231517942364634
29,0.24995881404932366,0.3118860602931072
30,0.24748736781530672,0.31095608365875327
31,0.2451350897163968,0.3095128201581898
32,0.24250346503410897,0.30865315333253507
33,0.24017645768944704,0.30703774657337196
34,0.2379206063402273,0.3069982086399325
35,0.23562554606445574,0.3069148612069496
36,0.23373922106498954,0.3062151045200968
37,0.23165833290920138,0.3052385322588678
38,0.2297689217793103,0.304240223806693
39,0.22766864262418116,0.30383739187550657
40,0.22567157172570562,0.30277988174707915
41,0.22368130243141338,0.30191996521280756
42,0.22186188297948606,0.3014636847232345
43,0.22010364149718198,0.3007445037393904
44,0.21840065506419942,0.30077470895503833
45,0.2165907670856875,0.30058599398682945
46,0.21456145335039362,0.3002077670838029
47,0.21289081216898895,0.29959431756119864
48,0.21103374753640625,0.29813769436503246
49,0.2096013680723949,0.2981004691893349
50,0.20796386386442478,0.2972347853385361
51,0.20649694209890557,0.29639862089935043
52,0.2046864999461181,0.29593728792629853
53,0.2029218755222974,0.29530281249308166
54,0.20134376270796064,0.2950961411120948
55,0.1997713035843778,0.2949365289240019
56,0.1982330948573081,0.2942042395561365
57,0.19688656937980611,0.29420591850205596
58,0.19545786235241677,0.2942506593759352
59,0.19407718328563775,0.29408088749987005
60,0.19246771228099366,0.2935053802421407
61,0.19103520518543296,0.2932177461560552
62,0.18963445613940577,0.2932304824321695
63,0.18834477927673857,0.29267373668253666
64,0.1868830227174246,0.2925194705254288
65,0.18586311489215113,0.29199823900194327
66,0.1845997558487349,0.2915692864883808
67,0.18316695575893666,0.2908790718971286
68,0.18214123555130332,0.2906758583800829
69,0.1809667947998071,0.29001147764527596
70,0.17953056344415852,0.28963188201464524
71,0.17854174413770899,0.28918386251388717
72,0.17733898372365436,0.28904423377217825
73,0.17625322596478699,0.28895948727212867
74,0.17493696580058093,0.2886341935933543
75,0.17361905301504865,0.28829966698929205
76,0.17260906689770403,0.28810827708599007
77,0.17146923940667907,0.28775477559323964
78,0.1704509917609288,0.28745573960907406
79,0.16912188316334414,0.2872756903447303
80,0.16813995204218812,0.2868401861710599
81,0.1671500303182937,0.28597468118647823
82,0.1659517581892325,0.28631261761635496
83,0.16501941401467735,0.2860738336647265
84,0.1637524338011845,0.2861356167045821
85,0.1627768574268887,0.2861683013051831
86,0.16169165091780682,0.28570477803942756
87,0.16075191527936789,0.2857123496105959
88,0.15959248551839095,0.28565399457183704
89,0.1585728019357965,0.2854017502192918
90,0.1575816682121196,0.2854646928840126
91,0.15661143727400503,0.2853882682433408
92,0.15563978988533012,0.28553287751677153
93,0.15472712732257193,0.28471568649329293
94,0.15360946894702246,0.28459224197551747
95,0.15266891982684566,0.28455834567909466
96,0.1518464349724416,0.2844301958335343
97,0.1508885533518201,0.28406510539139945
98,0.14988396304369622,0.28384104501069213
99,0.14903336769634498,0.283735053430976
100,0.1481096357723258,0.28373423414572563
101,0.14696432600261766,0.2831229788325614
102,0.14600475980901886,0.2829878304532853
103,0.14521354864552355,0.2829550916505891
104,0.14438370898460245,0.2827976361180858
105,0.1433900501096819,0.2823934795098311
106,0.1423004073521302,0.2818875491943957
107,0.1415516229538456,0.28188936475045895
108,0.1407653809040549,0.2818062166044192
109,0.13987450906892024,0.2816816484389805
110,0.13901640658364486,0.2814897896369695
111,0.13814282012224408,0.28176721428479456
112,0.13729257585783036,0.28195009011413485
113,0.1365716075738812,0.281994448968797
114,0.13564644215895114,0.2817677490557914
115,0.13487316293652826,0.28154646522521537
116,0.13424255741524418,0.28147210721851074
117,0.13328539533110875,0.2814505771289752
118,0.13246562225099523,0.2813954219261647
119,0.13170170197184403,0.281411750461819
120,0.1309282743846284,0.28131187293579357
121,0.1300141906296741,0.2811747403667848
122,0.12920152028299695,0.2810088076182825
123,0.12843186866700027,0.28080471334808865
124,0.12761475568007546,0.2808515713078172
125,0.12699506924509382,0.2808258059727616
126,0.12607566729226527,0.2806932213392032
127,0.1254394225449396,0.2806184876551421
128,0.12474793394498261,0.28060284116340634
129,0.12392216387490085,0.28050425440857807
130,0.12316701482290807,0.2804967671243188
131,0.12237281878951382,0.2803915047684348
132,0.12162976375898424,0.28040205402382673
133,0.12093200590448341,0.28017976635659064
134,0.12022342959444872,0.28035275126525366
135,0.11939502704060655,0.2802015831225044
136,0.1186394244521667,0.2802790611544751
137,0.11784784425453901,0.28060983540096107
138,0.1172001266330103,0.2803850326605885
139,0.1163414122608896,0.28017840305402913
140,0.11557456568367105,0.28024895713242115
141,0.11486368731776116,0.27970064738977257
142,0.11408014473094875,0.2798690398505373
143,0.1134557154297751,0.27973005641479654
144,0.11282001299548923,0.27978352343407503
145,0.11216016618792903,0.2798479265520655
146,0.11146033256508323,0.2796012190682314
147,0.1109780472317652,0.2794395336721466
148,0.11034680196874234,0.2795397130666264
149,0.10965840485729983,0.27948859294966044
150,0.10889401244426908,0.27918373142153696
151,0.10814456612765923,0.27909991536627243
152,0.10751496445979272,0.2788364241347577
153,0.10698651790955852,0.27861487391993206
154,0.10614263337716832,0.2787458020642405
155,0.10562733457936005,0.2785690269217071
156,0.10509755997343827,0.2785738182445076
157,0.104618234836367,0.2785054185854913
158,0.10401165413080353,0.2784567479907977
159,0.10324068267547352,0.27852455038498386
160,0.10255745242039323,0.27840765613922974
161,0.10210589181239609,0.27844752171261605
162,0.10163246450459243,0.27861269596783317
163,0.10099320851459802,0.27847401892002976
164,0.10041751077352265,0.2784732301944061
165,0.09976582730529347,0.27859032875340667
166,0.09917345042503349,0.278498544469515
167,0.09859924597482675,0.2785163597413555
168,0.0980717389524071,0.2784361187146389
169,0.09746179058036167,0.2785381967691941
170,0.09707158709360207,0.27843615696944934
171,0.09650939422111111,0.2782154795663337
172,0.0960754341777144,0.27812635222385795
173,0.09555305780257467,0.278025392888609
174,0.09495624607815678,0.2779436842454203
175,0.09430854820445482,0.2778136986389248
176,0.09378661751882367,0.2777778342015063
177,0.09317939300997004,0.27741648724563
178,0.09260994651287247,0.27722007961770084
179,0.09204457322228066,0.27739245893611264
180,0.0915473177738133,0.27744520877535167
181,0.0910189043737461,0.27750545309448565
182,0.09047518475510818,0.2775546724901613
183,0.0898218936055725,0.2776049741449256
184,0.08929089312206463,0.2778509155198821
185,0.08858571613810394,0.27759364203805825
186,0.08821594767009602,0.2776456345824163
187,0.08768063314547199,0.27755063098338395
188,0.08715508183871214,0.2776120119058631
189,0.08667423274131954,0.2776007933789388
190,0.08614504028275238,0.27750422924264256
191,0.08557773960960688,0.2774191466517548
192,0.08509685485190359,0.2771436745423867
193,0.0845492285171482,0.27717263476664733
194,0.08402416125755097,0.2770499471859985
195,0.08351084356388143,0.2770451602837454
196,0.08298306246810107,0.27710106650086774
197,0.08254312511335372,0.2768887139456482
198,0.08210524449492693,0.2768650614179542
199,0.08169690191510932,0.27704004333424587
200,0.08120170701438327,0.277039467607924
201,0.08070970601630795,0.2770663371441332
202,0.08022374129039365,0.2772705887106983
203,0.07978415827281224,0.2772391878849941
204,0.07936215367088265,0.2770907009939346
205,0.07888826421019807,0.27708930349301547
206,0.07840989145957641,0.2770569326116858
207,0.07789458119148689,0.2772110479697125
208,0.07747532313014922,0.2770799035427772
209,0.07713665553779633,0.2771495025692013
210,0.07666635899126287,0.2768643946660526
211,0.07624512127333159,0.276851218603106
212,0.07579966379326505,0.27679188226780654
213,0.07528122758081897,0.27675826282578675
214,0.07489467995950247,0.2767714379116087
215,0.07454119528057893,0.27686304963236485
216,0.07402393012712657,0.27693817771946044
217,0.07371228778193199,0.2769435251594167
218,0.07331678186308198,0.27672079327171467
219,0.07287727920533585,0.27664112620471104
220,0.07252319477593751,0.27675589293923464
221,0.07207758634716618,0.27657075375906837
222,0.07167718390008271,0.27656350513894523
223,0.07127687623694265,0.27651494910047514
224,0.07083977577922546,0.27615916710623606
225,0.0704504317672558,0.2762473092015678
226,0.07007010165766961,0.2760321869272667
227,0.06970243759269351,0.2760888590120899
228,0.06939175131674262,0.27604471203302794
229,0.06906496714097263,0.27605253055389456
230,0.06856614195245164,0.2759626221685251
231,0.06819305708690308,0.2758845821900854
232,0.06781303625739275,0.2760023724144477
233,0.06736121423541873,0.27602816996202795
234,0.06701583470105493,0.2759022408219847
235,0.06664911880903099,0.27608755435182486
236,0.06631505046140096,0.276103046945398
237,0.06597704134174448,0.2761114706497473
238,0.06561988821958191,0.27605432610274167
239,0.0652504806997749,0.27623761649278583
240,0.06494516396146789,0.2762205784721875
241,0.06463956152949812,0.27622422293800236
242,0.06428837984642306,0.2763166864365984
243,0.06390039321272281,0.2761468862520878
244,0.06354747334818596,0.27625861155865805
245,0.06322790344733659,0.2761820623549407
246,0.06294308360055201,0.27627794187194216
247,0.06252925174488713,0.27629880113527056
248,0.06211405453595657,0.2762062593076609
249,0.0618568544577599,0.2761614319320244
250,0.06151523066913728,0.2762824588761104
251,0.06114593422072852,0.2764215953348545
252,0.06088179588975864,0.27636982284316364
253,0.06055657327111012,0.27645056967390497
254,0.06022948406327767,0.27658791078867156
255,0.05994836283657845,0.2764801325204901
256,0.05959209071101568,0.27668305413343114
257,0.05931626254189037,0.27662365177037485
258,0.0590058741275966,0.2768208583847767
259,0.05868927516782198,0.27688419165311384
260,0.05832737569354777,0.27685600262040483
261,0.05796029043668784,0.27679453636211243
