Feature,MLP_IG,IG_SNR
pos22_G,0.06116622,3.0086215
pos20_G,0.04110568,0.5511834
pos19_G,0.032062143,0.62266797
pos17_C,0.032036915,0.64849573
pos15_A,0.027273428,0.49518582
pos20_T,0.02559653,0.56533414
pos18_C,0.023566594,0.5819353
pos21_G,0.023302581,0.59035486
pos23_G,0.02197973,1.2915438
pos19_T,0.021047166,0.5206749
pos18_T,0.018631319,0.60620034
pos2_C,0.018159209,0.531596
pos11_A,0.017718412,0.55485153
pos20_C,0.017482435,0.47841865
pos10_A,0.01718288,0.53277
pos16_A,0.016751185,0.5169639
pos13_G,0.016556086,0.5848158
pos1_G,0.01582027,0.54601073
pos17_T,0.015820218,0.5019184
pos15_G,0.015455594,0.5415492
pos10_C,0.014907551,0.4828308
pos12_A,0.013881101,0.51349777
pos13_C,0.013755595,0.5158612
pos7_G,0.0135026695,0.54074264
pos6_G,0.013273689,0.5379799
pos11_G,0.012204987,0.52296555
pos21_C,0.011803215,0.51172197
pos14_A,0.010830314,0.45213246
pos17_A,0.010252795,0.4634029
pos20_A,0.010094625,0.52363765
pos4_A,0.010037328,0.46072352
pos3_G,0.009987151,0.54463995
pos6_A,0.009765643,0.44254315
pos13_A,0.0096774055,0.4716524
pos6_T,0.009107888,0.46225914
pos3_T,0.0090534445,0.4358179
pos7_C,0.008655974,0.5248364
pos16_T,0.00863505,0.4232994
pos16_G,0.008217752,0.4776428
pos4_G,0.007998027,0.48466533
pos12_C,0.0076470873,0.46410152
pos9_G,0.007580986,0.43047154
pos18_G,0.007424145,0.39923298
pos11_T,0.0072831647,0.405043
pos21_A,0.0072653075,0.3912509
pos14_G,0.007185669,0.47244987
pos9_C,0.007161513,0.4378352
pos1_A,0.007002793,0.43299034
pos21_T,0.0069233966,0.47114506
pos3_A,0.006922938,0.44927156
pos8_C,0.0069137025,0.47632983
pos1_T,0.006825306,0.40249336
pos10_G,0.006791294,0.4990652
pos6_C,0.006749446,0.48283622
pos16_C,0.006647438,0.41706154
pos8_G,0.0065959105,0.43847394
pos4_C,0.006274457,0.41229746
pos2_T,0.0061017154,0.46519163
pos10_T,0.0060309623,0.42878693
pos7_T,0.0059699,0.38209233
pos5_T,0.0059698015,0.4218496
pos15_C,0.005679432,0.4039671
pos17_G,0.0056456816,0.41036287
pos8_A,0.0055182087,0.38921338
pos1_C,0.005500018,0.43192327
pos2_G,0.005458226,0.41655657
pos14_T,0.005293552,0.45262343
pos19_C,0.005181988,0.39369348
pos2_A,0.0051402836,0.3807306
pos19_A,0.0051366813,0.41388705
pos14_C,0.0050399983,0.40073937
pos5_A,0.004976335,0.40116554
pos11_C,0.0049535437,0.44345143
pos5_G,0.004789163,0.37524018
pos12_T,0.0045435894,0.38803026
pos3_C,0.0044927653,0.40657443
pos7_A,0.0044677537,0.38266554
pos15_T,0.0043840334,0.3907169
pos4_T,0.004321407,0.39689225
pos8_T,0.0041633267,0.37237322
pos9_A,0.0041384655,0.37934685
pos5_C,0.0041220933,0.3913181
pos18_A,0.0037549136,0.36031294
pos12_G,0.0033270684,0.40602607
pos9_T,0.003282937,0.37195876
pos13_T,0.0025846455,0.340164
pos22_C,0.0,0.0
pos22_A,0.0,0.0
pos22_T,0.0,0.0
pos23_A,0.0,0.0
pos23_C,0.0,0.0
pos23_T,0.0,0.0
