y_true,y_pred,error
0.81,0.69978696,0.11021304
0.679,0.5278245,0.1511755
0.742,0.5770465,0.16495347
0.529,0.60949296,-0.08049297
0.907,0.5990089,0.3079911
0.775,0.63397086,0.14102912
0.498,0.61710733,-0.119107336
0.93,0.6511238,0.2788762
0.853,0.6202246,0.23277539
0.748,0.6009102,0.14708984
0.7,0.75485647,-0.05485648
0.834,0.5802491,0.25375092
0.528,0.72202885,-0.19402885
0.79,0.6524926,0.13750744
0.847,0.60771084,0.23928916
0.89,0.6446445,0.24535549
0.479,0.6035228,-0.124522775
0.937,0.67757475,0.25942522
0.88,0.62896764,0.25103235
0.52,0.7292891,-0.20928913
0.941,0.62939453,0.31160545
0.878,0.65935147,0.21864855
0.196,0.62842745,-0.43242747
0.758,0.56536186,0.19263816
0.877,0.6349963,0.24200368
0.915,0.599025,0.315975
0.285,0.61237526,-0.32737526
0.732,0.60334855,0.12865144
0.791,0.625584,0.165416
0.867,0.66989744,0.19710255
0.706,0.71998703,-0.013987064
0.8,0.7126738,0.08732623
0.796,0.69222045,0.103779554
0.83,0.5816193,0.24838066
0.794,0.5754645,0.21853554
0.624,0.69850844,-0.07450843
0.81,0.67230475,0.13769525
0.694,0.58619595,0.10780406
0.9,0.65723366,0.24276632
0.785,0.6678754,0.11712462
0.188,0.5685448,-0.3805448
0.687,0.7491714,-0.0621714
0.923,0.6050793,0.31792068
0.767,0.6866509,0.08034915
0.857,0.7766602,0.08033979
0.91,0.6650998,0.24490023
0.76,0.73019516,0.029804826
0.561,0.7146908,-0.15369081
0.14,0.6067529,-0.4667529
0.485,0.59409034,-0.10909033
0.909,0.56399864,0.34500134
0.42,0.6550912,-0.23509124
0.84,0.64627194,0.19372803
0.865,0.5988906,0.2661094
0.839,0.5502981,0.2887019
0.125,0.5498961,-0.42489612
0.819,0.5686336,0.2503664
0.285,0.6032809,-0.3182809
0.934,0.5388713,0.39512873
0.906,0.64726996,0.25873005
0.937,0.7213919,0.21560806
0.594,0.5366296,0.057370365
0.868,0.5743579,0.29364204
