Feature,Position,Channel,Transformer_Attention,Attention_Entropy,Attention_SNR
A_pos_0,0,A,0.05364099144935608,4.513103485107422,14.959383964538574
C_pos_0,0,C,0.05364099144935608,4.513103485107422,14.959383964538574
G_pos_0,0,G,0.05364099144935608,4.513103485107422,14.959383964538574
T_pos_0,0,T,0.05364099144935608,4.513103485107422,14.959383964538574
A_pos_1,1,A,0.05321183428168297,4.513103485107422,13.142434120178223
C_pos_1,1,C,0.05321183428168297,4.513103485107422,13.142434120178223
G_pos_1,1,G,0.05321183428168297,4.513103485107422,13.142434120178223
T_pos_1,1,T,0.05321183428168297,4.513103485107422,13.142434120178223
A_pos_2,2,A,0.05191979557275772,4.513103485107422,14.18310832977295
C_pos_2,2,C,0.05191979557275772,4.513103485107422,14.18310832977295
G_pos_2,2,G,0.05191979557275772,4.513103485107422,14.18310832977295
T_pos_2,2,T,0.05191979557275772,4.513103485107422,14.18310832977295
A_pos_3,3,A,0.05070744827389717,4.513103485107422,12.711993217468262
C_pos_3,3,C,0.05070744827389717,4.513103485107422,12.711993217468262
G_pos_3,3,G,0.05070744827389717,4.513103485107422,12.711993217468262
T_pos_3,3,T,0.05070744827389717,4.513103485107422,12.711993217468262
A_pos_4,4,A,0.04698346182703972,4.513103485107422,13.165986061096191
C_pos_4,4,C,0.04698346182703972,4.513103485107422,13.165986061096191
G_pos_4,4,G,0.04698346182703972,4.513103485107422,13.165986061096191
T_pos_4,4,T,0.04698346182703972,4.513103485107422,13.165986061096191
A_pos_5,5,A,0.045965079218149185,4.513103485107422,13.579716682434082
C_pos_5,5,C,0.045965079218149185,4.513103485107422,13.579716682434082
G_pos_5,5,G,0.045965079218149185,4.513103485107422,13.579716682434082
T_pos_5,5,T,0.045965079218149185,4.513103485107422,13.579716682434082
A_pos_6,6,A,0.0441366508603096,4.513103485107422,16.084613800048828
C_pos_6,6,C,0.0441366508603096,4.513103485107422,16.084613800048828
G_pos_6,6,G,0.0441366508603096,4.513103485107422,16.084613800048828
T_pos_6,6,T,0.0441366508603096,4.513103485107422,16.084613800048828
T_pos_21,21,T,0.04386144503951073,4.513103485107422,73.37849426269531
G_pos_21,21,G,0.04386144503951073,4.513103485107422,73.37849426269531
C_pos_21,21,C,0.04386144503951073,4.513103485107422,73.37849426269531
A_pos_21,21,A,0.04386144503951073,4.513103485107422,73.37849426269531
A_pos_7,7,A,0.043497513979673386,4.513103485107422,19.54376220703125
C_pos_7,7,C,0.043497513979673386,4.513103485107422,19.54376220703125
G_pos_7,7,G,0.043497513979673386,4.513103485107422,19.54376220703125
T_pos_7,7,T,0.043497513979673386,4.513103485107422,19.54376220703125
T_pos_22,22,T,0.04346282780170441,4.513103485107422,75.25508117675781
G_pos_22,22,G,0.04346282780170441,4.513103485107422,75.25508117675781
C_pos_22,22,C,0.04346282780170441,4.513103485107422,75.25508117675781
A_pos_22,22,A,0.04346282780170441,4.513103485107422,75.25508117675781
A_pos_8,8,A,0.04322351887822151,4.513103485107422,22.302236557006836
C_pos_8,8,C,0.04322351887822151,4.513103485107422,22.302236557006836
G_pos_8,8,G,0.04322351887822151,4.513103485107422,22.302236557006836
T_pos_8,8,T,0.04322351887822151,4.513103485107422,22.302236557006836
A_pos_20,20,A,0.042703162878751755,4.513103485107422,29.239093780517578
C_pos_20,20,C,0.042703162878751755,4.513103485107422,29.239093780517578
G_pos_20,20,G,0.042703162878751755,4.513103485107422,29.239093780517578
T_pos_20,20,T,0.042703162878751755,4.513103485107422,29.239093780517578
A_pos_9,9,A,0.0424484983086586,4.513103485107422,25.235065460205078
C_pos_9,9,C,0.0424484983086586,4.513103485107422,25.235065460205078
G_pos_9,9,G,0.0424484983086586,4.513103485107422,25.235065460205078
T_pos_9,9,T,0.0424484983086586,4.513103485107422,25.235065460205078
A_pos_19,19,A,0.04086127132177353,4.513103485107422,24.800159454345703
C_pos_19,19,C,0.04086127132177353,4.513103485107422,24.800159454345703
G_pos_19,19,G,0.04086127132177353,4.513103485107422,24.800159454345703
T_pos_19,19,T,0.04086127132177353,4.513103485107422,24.800159454345703
A_pos_18,18,A,0.040256716310977936,4.513103485107422,24.622066497802734
C_pos_18,18,C,0.040256716310977936,4.513103485107422,24.622066497802734
G_pos_18,18,G,0.040256716310977936,4.513103485107422,24.622066497802734
T_pos_18,18,T,0.040256716310977936,4.513103485107422,24.622066497802734
T_pos_10,10,T,0.04017608240246773,4.513103485107422,24.631885528564453
G_pos_10,10,G,0.04017608240246773,4.513103485107422,24.631885528564453
C_pos_10,10,C,0.04017608240246773,4.513103485107422,24.631885528564453
A_pos_10,10,A,0.04017608240246773,4.513103485107422,24.631885528564453
T_pos_15,15,T,0.03997203707695007,4.513103485107422,21.13228988647461
G_pos_15,15,G,0.03997203707695007,4.513103485107422,21.13228988647461
C_pos_15,15,C,0.03997203707695007,4.513103485107422,21.13228988647461
A_pos_15,15,A,0.03997203707695007,4.513103485107422,21.13228988647461
A_pos_16,16,A,0.039958544075489044,4.513103485107422,19.49877166748047
C_pos_16,16,C,0.039958544075489044,4.513103485107422,19.49877166748047
G_pos_16,16,G,0.039958544075489044,4.513103485107422,19.49877166748047
T_pos_16,16,T,0.039958544075489044,4.513103485107422,19.49877166748047
A_pos_17,17,A,0.039751313626766205,4.513103485107422,21.586891174316406
C_pos_17,17,C,0.039751313626766205,4.513103485107422,21.586891174316406
G_pos_17,17,G,0.039751313626766205,4.513103485107422,21.586891174316406
T_pos_17,17,T,0.039751313626766205,4.513103485107422,21.586891174316406
T_pos_14,14,T,0.03925338760018349,4.513103485107422,20.753795623779297
G_pos_14,14,G,0.03925338760018349,4.513103485107422,20.753795623779297
C_pos_14,14,C,0.03925338760018349,4.513103485107422,20.753795623779297
A_pos_14,14,A,0.03925338760018349,4.513103485107422,20.753795623779297
T_pos_11,11,T,0.03835128992795944,4.513103485107422,22.233997344970703
G_pos_11,11,G,0.03835128992795944,4.513103485107422,22.233997344970703
C_pos_11,11,C,0.03835128992795944,4.513103485107422,22.233997344970703
A_pos_11,11,A,0.03835128992795944,4.513103485107422,22.233997344970703
A_pos_13,13,A,0.03809870779514313,4.513103485107422,23.569713592529297
C_pos_13,13,C,0.03809870779514313,4.513103485107422,23.569713592529297
G_pos_13,13,G,0.03809870779514313,4.513103485107422,23.569713592529297
T_pos_13,13,T,0.03809870779514313,4.513103485107422,23.569713592529297
A_pos_12,12,A,0.037558432668447495,4.513103485107422,21.203426361083984
C_pos_12,12,C,0.037558432668447495,4.513103485107422,21.203426361083984
G_pos_12,12,G,0.037558432668447495,4.513103485107422,21.203426361083984
T_pos_12,12,T,0.037558432668447495,4.513103485107422,21.203426361083984
