split_type,cell_line,model,parent_combination,child_combination,added_environment,parent_r2,child_r2,delta_r2,parent_rmse,child_rmse,delta_rmse,parent_mae,child_mae,delta_mae,delta_pearson,delta_spearman,ci_low,ci_high,ci_excludes_zero,n_bootstrap,bootstrap_status,n_paired,status,warning
single,labuhn,cnn(3|3),sequence,sequence_ctcf,ctcf,,,,,,,,,,,,,,,,unavailable,0,unavailable,child_unavailable(sequence_ctcf);CI_UNAVAILABLE
single,labuhn,cnn(3|3),sequence,sequence_dnase,dnase,,,,,,,,,,,,,,,,unavailable,0,unavailable,child_unavailable(sequence_dnase);CI_UNAVAILABLE
single,labuhn,cnn(3|3),sequence,sequence_h3k4me3,h3k4me3,,,,,,,,,,,,,,,,unavailable,0,unavailable,child_unavailable(sequence_h3k4me3);CI_UNAVAILABLE
single,labuhn,cnn(3|3),sequence,sequence_rrbs,rrbs,,,,,,,,,,,,,,,,unavailable,0,unavailable,child_unavailable(sequence_rrbs);CI_UNAVAILABLE
single,labuhn,cnn(3|3),sequence_ctcf,sequence_ctcf_dnase,dnase,,,,,,,,,,,,,,,,unavailable,0,unavailable,parent_unavailable(sequence_ctcf);CI_UNAVAILABLE
single,labuhn,cnn(3|3),sequence_ctcf,sequence_ctcf_h3k4me3,h3k4me3,,,,,,,,,,,,,,,,unavailable,0,unavailable,parent_unavailable(sequence_ctcf);CI_UNAVAILABLE
single,labuhn,cnn(3|3),sequence_ctcf,sequence_ctcf_rrbs,rrbs,,,,,,,,,,,,,,,,unavailable,0,unavailable,parent_unavailable(sequence_ctcf);CI_UNAVAILABLE
single,labuhn,cnn(3|3),sequence_dnase,sequence_ctcf_dnase,ctcf,,,,,,,,,,,,,,,,unavailable,0,unavailable,parent_unavailable(sequence_dnase);CI_UNAVAILABLE
single,labuhn,cnn(3|3),sequence_dnase,sequence_dnase_h3k4me3,h3k4me3,,,,,,,,,,,,,,,,unavailable,0,unavailable,parent_unavailable(sequence_dnase);CI_UNAVAILABLE
single,labuhn,cnn(3|3),sequence_dnase,sequence_dnase_rrbs,rrbs,,,,,,,,,,,,,,,,unavailable,0,unavailable,parent_unavailable(sequence_dnase);CI_UNAVAILABLE
single,labuhn,cnn(3|3),sequence_h3k4me3,sequence_ctcf_h3k4me3,ctcf,,,,,,,,,,,,,,,,unavailable,0,unavailable,parent_unavailable(sequence_h3k4me3);CI_UNAVAILABLE
single,labuhn,cnn(3|3),sequence_h3k4me3,sequence_dnase_h3k4me3,dnase,,,,,,,,,,,,,,,,unavailable,0,unavailable,parent_unavailable(sequence_h3k4me3);CI_UNAVAILABLE
single,labuhn,cnn(3|3),sequence_h3k4me3,sequence_h3k4me3_rrbs,rrbs,,,,,,,,,,,,,,,,unavailable,0,unavailable,parent_unavailable(sequence_h3k4me3);CI_UNAVAILABLE
single,labuhn,cnn(3|3),sequence_rrbs,sequence_ctcf_rrbs,ctcf,,,,,,,,,,,,,,,,unavailable,0,unavailable,parent_unavailable(sequence_rrbs);CI_UNAVAILABLE
single,labuhn,cnn(3|3),sequence_rrbs,sequence_dnase_rrbs,dnase,,,,,,,,,,,,,,,,unavailable,0,unavailable,parent_unavailable(sequence_rrbs);CI_UNAVAILABLE
single,labuhn,cnn(3|3),sequence_rrbs,sequence_h3k4me3_rrbs,h3k4me3,,,,,,,,,,,,,,,,unavailable,0,unavailable,parent_unavailable(sequence_rrbs);CI_UNAVAILABLE
single,labuhn,cnn(3|3),sequence_ctcf_dnase,sequence_ctcf_dnase_h3k4me3,h3k4me3,,,,,,,,,,,,,,,,unavailable,0,unavailable,parent_unavailable(sequence_ctcf_dnase);CI_UNAVAILABLE
single,labuhn,cnn(3|3),sequence_ctcf_dnase,sequence_ctcf_dnase_rrbs,rrbs,,,,,,,,,,,,,,,,unavailable,0,unavailable,parent_unavailable(sequence_ctcf_dnase);CI_UNAVAILABLE
single,labuhn,cnn(3|3),sequence_ctcf_h3k4me3,sequence_ctcf_dnase_h3k4me3,dnase,,,,,,,,,,,,,,,,unavailable,0,unavailable,parent_unavailable(sequence_ctcf_h3k4me3);CI_UNAVAILABLE
single,labuhn,cnn(3|3),sequence_ctcf_h3k4me3,sequence_ctcf_h3k4me3_rrbs,rrbs,,,,,,,,,,,,,,,,unavailable,0,unavailable,parent_unavailable(sequence_ctcf_h3k4me3);CI_UNAVAILABLE
single,labuhn,cnn(3|3),sequence_ctcf_rrbs,sequence_ctcf_dnase_rrbs,dnase,,,,,,,,,,,,,,,,unavailable,0,unavailable,parent_unavailable(sequence_ctcf_rrbs);CI_UNAVAILABLE
single,labuhn,cnn(3|3),sequence_ctcf_rrbs,sequence_ctcf_h3k4me3_rrbs,h3k4me3,,,,,,,,,,,,,,,,unavailable,0,unavailable,parent_unavailable(sequence_ctcf_rrbs);CI_UNAVAILABLE
single,labuhn,cnn(3|3),sequence_dnase_h3k4me3,sequence_ctcf_dnase_h3k4me3,ctcf,,,,,,,,,,,,,,,,unavailable,0,unavailable,parent_unavailable(sequence_dnase_h3k4me3);CI_UNAVAILABLE
single,labuhn,cnn(3|3),sequence_dnase_h3k4me3,sequence_dnase_h3k4me3_rrbs,rrbs,,,,,,,,,,,,,,,,unavailable,0,unavailable,parent_unavailable(sequence_dnase_h3k4me3);CI_UNAVAILABLE
single,labuhn,cnn(3|3),sequence_dnase_rrbs,sequence_ctcf_dnase_rrbs,ctcf,,,,,,,,,,,,,,,,unavailable,0,unavailable,parent_unavailable(sequence_dnase_rrbs);CI_UNAVAILABLE
single,labuhn,cnn(3|3),sequence_dnase_rrbs,sequence_dnase_h3k4me3_rrbs,h3k4me3,,,,,,,,,,,,,,,,unavailable,0,unavailable,parent_unavailable(sequence_dnase_rrbs);CI_UNAVAILABLE
single,labuhn,cnn(3|3),sequence_h3k4me3_rrbs,sequence_ctcf_h3k4me3_rrbs,ctcf,,,,,,,,,,,,,,,,unavailable,0,unavailable,parent_unavailable(sequence_h3k4me3_rrbs);CI_UNAVAILABLE
single,labuhn,cnn(3|3),sequence_h3k4me3_rrbs,sequence_dnase_h3k4me3_rrbs,dnase,,,,,,,,,,,,,,,,unavailable,0,unavailable,parent_unavailable(sequence_h3k4me3_rrbs);CI_UNAVAILABLE
single,labuhn,cnn(3|3),sequence_ctcf_dnase_h3k4me3,all,rrbs,,,,,,,,,,,,,,,,unavailable,0,unavailable,parent_unavailable(sequence_ctcf_dnase_h3k4me3);CI_UNAVAILABLE
single,labuhn,cnn(3|3),sequence_ctcf_dnase_rrbs,all,h3k4me3,,,,,,,,,,,,,,,,unavailable,0,unavailable,parent_unavailable(sequence_ctcf_dnase_rrbs);CI_UNAVAILABLE
single,labuhn,cnn(3|3),sequence_ctcf_h3k4me3_rrbs,all,dnase,,,,,,,,,,,,,,,,unavailable,0,unavailable,parent_unavailable(sequence_ctcf_h3k4me3_rrbs);CI_UNAVAILABLE
single,labuhn,cnn(3|3),sequence_dnase_h3k4me3_rrbs,all,ctcf,,,,,,,,,,,,,,,,unavailable,0,unavailable,parent_unavailable(sequence_dnase_h3k4me3_rrbs);CI_UNAVAILABLE
single,labuhn,cnn(5|3),sequence,sequence_ctcf,ctcf,,,,,,,,,,,,,,,,unavailable,0,unavailable,child_unavailable(sequence_ctcf);CI_UNAVAILABLE
single,labuhn,cnn(5|3),sequence,sequence_dnase,dnase,,,,,,,,,,,,,,,,unavailable,0,unavailable,child_unavailable(sequence_dnase);CI_UNAVAILABLE
single,labuhn,cnn(5|3),sequence,sequence_h3k4me3,h3k4me3,,,,,,,,,,,,,,,,unavailable,0,unavailable,child_unavailable(sequence_h3k4me3);CI_UNAVAILABLE
single,labuhn,cnn(5|3),sequence,sequence_rrbs,rrbs,,,,,,,,,,,,,,,,unavailable,0,unavailable,child_unavailable(sequence_rrbs);CI_UNAVAILABLE
single,labuhn,cnn(5|3),sequence_ctcf,sequence_ctcf_dnase,dnase,,,,,,,,,,,,,,,,unavailable,0,unavailable,parent_unavailable(sequence_ctcf);CI_UNAVAILABLE
single,labuhn,cnn(5|3),sequence_ctcf,sequence_ctcf_h3k4me3,h3k4me3,,,,,,,,,,,,,,,,unavailable,0,unavailable,parent_unavailable(sequence_ctcf);CI_UNAVAILABLE
single,labuhn,cnn(5|3),sequence_ctcf,sequence_ctcf_rrbs,rrbs,,,,,,,,,,,,,,,,unavailable,0,unavailable,parent_unavailable(sequence_ctcf);CI_UNAVAILABLE
single,labuhn,cnn(5|3),sequence_dnase,sequence_ctcf_dnase,ctcf,,,,,,,,,,,,,,,,unavailable,0,unavailable,parent_unavailable(sequence_dnase);CI_UNAVAILABLE
single,labuhn,cnn(5|3),sequence_dnase,sequence_dnase_h3k4me3,h3k4me3,,,,,,,,,,,,,,,,unavailable,0,unavailable,parent_unavailable(sequence_dnase);CI_UNAVAILABLE
single,labuhn,cnn(5|3),sequence_dnase,sequence_dnase_rrbs,rrbs,,,,,,,,,,,,,,,,unavailable,0,unavailable,parent_unavailable(sequence_dnase);CI_UNAVAILABLE
single,labuhn,cnn(5|3),sequence_h3k4me3,sequence_ctcf_h3k4me3,ctcf,,,,,,,,,,,,,,,,unavailable,0,unavailable,parent_unavailable(sequence_h3k4me3);CI_UNAVAILABLE
single,labuhn,cnn(5|3),sequence_h3k4me3,sequence_dnase_h3k4me3,dnase,,,,,,,,,,,,,,,,unavailable,0,unavailable,parent_unavailable(sequence_h3k4me3);CI_UNAVAILABLE
single,labuhn,cnn(5|3),sequence_h3k4me3,sequence_h3k4me3_rrbs,rrbs,,,,,,,,,,,,,,,,unavailable,0,unavailable,parent_unavailable(sequence_h3k4me3);CI_UNAVAILABLE
single,labuhn,cnn(5|3),sequence_rrbs,sequence_ctcf_rrbs,ctcf,,,,,,,,,,,,,,,,unavailable,0,unavailable,parent_unavailable(sequence_rrbs);CI_UNAVAILABLE
single,labuhn,cnn(5|3),sequence_rrbs,sequence_dnase_rrbs,dnase,,,,,,,,,,,,,,,,unavailable,0,unavailable,parent_unavailable(sequence_rrbs);CI_UNAVAILABLE
single,labuhn,cnn(5|3),sequence_rrbs,sequence_h3k4me3_rrbs,h3k4me3,,,,,,,,,,,,,,,,unavailable,0,unavailable,parent_unavailable(sequence_rrbs);CI_UNAVAILABLE
single,labuhn,cnn(5|3),sequence_ctcf_dnase,sequence_ctcf_dnase_h3k4me3,h3k4me3,,,,,,,,,,,,,,,,unavailable,0,unavailable,parent_unavailable(sequence_ctcf_dnase);CI_UNAVAILABLE
single,labuhn,cnn(5|3),sequence_ctcf_dnase,sequence_ctcf_dnase_rrbs,rrbs,,,,,,,,,,,,,,,,unavailable,0,unavailable,parent_unavailable(sequence_ctcf_dnase);CI_UNAVAILABLE
single,labuhn,cnn(5|3),sequence_ctcf_h3k4me3,sequence_ctcf_dnase_h3k4me3,dnase,,,,,,,,,,,,,,,,unavailable,0,unavailable,parent_unavailable(sequence_ctcf_h3k4me3);CI_UNAVAILABLE
single,labuhn,cnn(5|3),sequence_ctcf_h3k4me3,sequence_ctcf_h3k4me3_rrbs,rrbs,,,,,,,,,,,,,,,,unavailable,0,unavailable,parent_unavailable(sequence_ctcf_h3k4me3);CI_UNAVAILABLE
single,labuhn,cnn(5|3),sequence_ctcf_rrbs,sequence_ctcf_dnase_rrbs,dnase,,,,,,,,,,,,,,,,unavailable,0,unavailable,parent_unavailable(sequence_ctcf_rrbs);CI_UNAVAILABLE
single,labuhn,cnn(5|3),sequence_ctcf_rrbs,sequence_ctcf_h3k4me3_rrbs,h3k4me3,,,,,,,,,,,,,,,,unavailable,0,unavailable,parent_unavailable(sequence_ctcf_rrbs);CI_UNAVAILABLE
single,labuhn,cnn(5|3),sequence_dnase_h3k4me3,sequence_ctcf_dnase_h3k4me3,ctcf,,,,,,,,,,,,,,,,unavailable,0,unavailable,parent_unavailable(sequence_dnase_h3k4me3);CI_UNAVAILABLE
single,labuhn,cnn(5|3),sequence_dnase_h3k4me3,sequence_dnase_h3k4me3_rrbs,rrbs,,,,,,,,,,,,,,,,unavailable,0,unavailable,parent_unavailable(sequence_dnase_h3k4me3);CI_UNAVAILABLE
single,labuhn,cnn(5|3),sequence_dnase_rrbs,sequence_ctcf_dnase_rrbs,ctcf,,,,,,,,,,,,,,,,unavailable,0,unavailable,parent_unavailable(sequence_dnase_rrbs);CI_UNAVAILABLE
single,labuhn,cnn(5|3),sequence_dnase_rrbs,sequence_dnase_h3k4me3_rrbs,h3k4me3,,,,,,,,,,,,,,,,unavailable,0,unavailable,parent_unavailable(sequence_dnase_rrbs);CI_UNAVAILABLE
single,labuhn,cnn(5|3),sequence_h3k4me3_rrbs,sequence_ctcf_h3k4me3_rrbs,ctcf,,,,,,,,,,,,,,,,unavailable,0,unavailable,parent_unavailable(sequence_h3k4me3_rrbs);CI_UNAVAILABLE
single,labuhn,cnn(5|3),sequence_h3k4me3_rrbs,sequence_dnase_h3k4me3_rrbs,dnase,,,,,,,,,,,,,,,,unavailable,0,unavailable,parent_unavailable(sequence_h3k4me3_rrbs);CI_UNAVAILABLE
single,labuhn,cnn(5|3),sequence_ctcf_dnase_h3k4me3,all,rrbs,,,,,,,,,,,,,,,,unavailable,0,unavailable,parent_unavailable(sequence_ctcf_dnase_h3k4me3);CI_UNAVAILABLE
single,labuhn,cnn(5|3),sequence_ctcf_dnase_rrbs,all,h3k4me3,,,,,,,,,,,,,,,,unavailable,0,unavailable,parent_unavailable(sequence_ctcf_dnase_rrbs);CI_UNAVAILABLE
single,labuhn,cnn(5|3),sequence_ctcf_h3k4me3_rrbs,all,dnase,,,,,,,,,,,,,,,,unavailable,0,unavailable,parent_unavailable(sequence_ctcf_h3k4me3_rrbs);CI_UNAVAILABLE
single,labuhn,cnn(5|3),sequence_dnase_h3k4me3_rrbs,all,ctcf,,,,,,,,,,,,,,,,unavailable,0,unavailable,parent_unavailable(sequence_dnase_h3k4me3_rrbs);CI_UNAVAILABLE
single,labuhn,cnn(7|3),sequence,sequence_ctcf,ctcf,,,,,,,,,,,,,,,,unavailable,0,unavailable,child_unavailable(sequence_ctcf);CI_UNAVAILABLE
single,labuhn,cnn(7|3),sequence,sequence_dnase,dnase,,,,,,,,,,,,,,,,unavailable,0,unavailable,child_unavailable(sequence_dnase);CI_UNAVAILABLE
single,labuhn,cnn(7|3),sequence,sequence_h3k4me3,h3k4me3,,,,,,,,,,,,,,,,unavailable,0,unavailable,child_unavailable(sequence_h3k4me3);CI_UNAVAILABLE
single,labuhn,cnn(7|3),sequence,sequence_rrbs,rrbs,,,,,,,,,,,,,,,,unavailable,0,unavailable,child_unavailable(sequence_rrbs);CI_UNAVAILABLE
single,labuhn,cnn(7|3),sequence_ctcf,sequence_ctcf_dnase,dnase,,,,,,,,,,,,,,,,unavailable,0,unavailable,parent_unavailable(sequence_ctcf);CI_UNAVAILABLE
single,labuhn,cnn(7|3),sequence_ctcf,sequence_ctcf_h3k4me3,h3k4me3,,,,,,,,,,,,,,,,unavailable,0,unavailable,parent_unavailable(sequence_ctcf);CI_UNAVAILABLE
single,labuhn,cnn(7|3),sequence_ctcf,sequence_ctcf_rrbs,rrbs,,,,,,,,,,,,,,,,unavailable,0,unavailable,parent_unavailable(sequence_ctcf);CI_UNAVAILABLE
single,labuhn,cnn(7|3),sequence_dnase,sequence_ctcf_dnase,ctcf,,,,,,,,,,,,,,,,unavailable,0,unavailable,parent_unavailable(sequence_dnase);CI_UNAVAILABLE
single,labuhn,cnn(7|3),sequence_dnase,sequence_dnase_h3k4me3,h3k4me3,,,,,,,,,,,,,,,,unavailable,0,unavailable,parent_unavailable(sequence_dnase);CI_UNAVAILABLE
single,labuhn,cnn(7|3),sequence_dnase,sequence_dnase_rrbs,rrbs,,,,,,,,,,,,,,,,unavailable,0,unavailable,parent_unavailable(sequence_dnase);CI_UNAVAILABLE
single,labuhn,cnn(7|3),sequence_h3k4me3,sequence_ctcf_h3k4me3,ctcf,,,,,,,,,,,,,,,,unavailable,0,unavailable,parent_unavailable(sequence_h3k4me3);CI_UNAVAILABLE
single,labuhn,cnn(7|3),sequence_h3k4me3,sequence_dnase_h3k4me3,dnase,,,,,,,,,,,,,,,,unavailable,0,unavailable,parent_unavailable(sequence_h3k4me3);CI_UNAVAILABLE
single,labuhn,cnn(7|3),sequence_h3k4me3,sequence_h3k4me3_rrbs,rrbs,,,,,,,,,,,,,,,,unavailable,0,unavailable,parent_unavailable(sequence_h3k4me3);CI_UNAVAILABLE
single,labuhn,cnn(7|3),sequence_rrbs,sequence_ctcf_rrbs,ctcf,,,,,,,,,,,,,,,,unavailable,0,unavailable,parent_unavailable(sequence_rrbs);CI_UNAVAILABLE
single,labuhn,cnn(7|3),sequence_rrbs,sequence_dnase_rrbs,dnase,,,,,,,,,,,,,,,,unavailable,0,unavailable,parent_unavailable(sequence_rrbs);CI_UNAVAILABLE
single,labuhn,cnn(7|3),sequence_rrbs,sequence_h3k4me3_rrbs,h3k4me3,,,,,,,,,,,,,,,,unavailable,0,unavailable,parent_unavailable(sequence_rrbs);CI_UNAVAILABLE
single,labuhn,cnn(7|3),sequence_ctcf_dnase,sequence_ctcf_dnase_h3k4me3,h3k4me3,,,,,,,,,,,,,,,,unavailable,0,unavailable,parent_unavailable(sequence_ctcf_dnase);CI_UNAVAILABLE
single,labuhn,cnn(7|3),sequence_ctcf_dnase,sequence_ctcf_dnase_rrbs,rrbs,,,,,,,,,,,,,,,,unavailable,0,unavailable,parent_unavailable(sequence_ctcf_dnase);CI_UNAVAILABLE
single,labuhn,cnn(7|3),sequence_ctcf_h3k4me3,sequence_ctcf_dnase_h3k4me3,dnase,,,,,,,,,,,,,,,,unavailable,0,unavailable,parent_unavailable(sequence_ctcf_h3k4me3);CI_UNAVAILABLE
single,labuhn,cnn(7|3),sequence_ctcf_h3k4me3,sequence_ctcf_h3k4me3_rrbs,rrbs,,,,,,,,,,,,,,,,unavailable,0,unavailable,parent_unavailable(sequence_ctcf_h3k4me3);CI_UNAVAILABLE
single,labuhn,cnn(7|3),sequence_ctcf_rrbs,sequence_ctcf_dnase_rrbs,dnase,,,,,,,,,,,,,,,,unavailable,0,unavailable,parent_unavailable(sequence_ctcf_rrbs);CI_UNAVAILABLE
single,labuhn,cnn(7|3),sequence_ctcf_rrbs,sequence_ctcf_h3k4me3_rrbs,h3k4me3,,,,,,,,,,,,,,,,unavailable,0,unavailable,parent_unavailable(sequence_ctcf_rrbs);CI_UNAVAILABLE
single,labuhn,cnn(7|3),sequence_dnase_h3k4me3,sequence_ctcf_dnase_h3k4me3,ctcf,,,,,,,,,,,,,,,,unavailable,0,unavailable,parent_unavailable(sequence_dnase_h3k4me3);CI_UNAVAILABLE
single,labuhn,cnn(7|3),sequence_dnase_h3k4me3,sequence_dnase_h3k4me3_rrbs,rrbs,,,,,,,,,,,,,,,,unavailable,0,unavailable,parent_unavailable(sequence_dnase_h3k4me3);CI_UNAVAILABLE
single,labuhn,cnn(7|3),sequence_dnase_rrbs,sequence_ctcf_dnase_rrbs,ctcf,,,,,,,,,,,,,,,,unavailable,0,unavailable,parent_unavailable(sequence_dnase_rrbs);CI_UNAVAILABLE
single,labuhn,cnn(7|3),sequence_dnase_rrbs,sequence_dnase_h3k4me3_rrbs,h3k4me3,,,,,,,,,,,,,,,,unavailable,0,unavailable,parent_unavailable(sequence_dnase_rrbs);CI_UNAVAILABLE
single,labuhn,cnn(7|3),sequence_h3k4me3_rrbs,sequence_ctcf_h3k4me3_rrbs,ctcf,,,,,,,,,,,,,,,,unavailable,0,unavailable,parent_unavailable(sequence_h3k4me3_rrbs);CI_UNAVAILABLE
single,labuhn,cnn(7|3),sequence_h3k4me3_rrbs,sequence_dnase_h3k4me3_rrbs,dnase,,,,,,,,,,,,,,,,unavailable,0,unavailable,parent_unavailable(sequence_h3k4me3_rrbs);CI_UNAVAILABLE
single,labuhn,cnn(7|3),sequence_ctcf_dnase_h3k4me3,all,rrbs,,,,,,,,,,,,,,,,unavailable,0,unavailable,parent_unavailable(sequence_ctcf_dnase_h3k4me3);CI_UNAVAILABLE
single,labuhn,cnn(7|3),sequence_ctcf_dnase_rrbs,all,h3k4me3,,,,,,,,,,,,,,,,unavailable,0,unavailable,parent_unavailable(sequence_ctcf_dnase_rrbs);CI_UNAVAILABLE
single,labuhn,cnn(7|3),sequence_ctcf_h3k4me3_rrbs,all,dnase,,,,,,,,,,,,,,,,unavailable,0,unavailable,parent_unavailable(sequence_ctcf_h3k4me3_rrbs);CI_UNAVAILABLE
single,labuhn,cnn(7|3),sequence_dnase_h3k4me3_rrbs,all,ctcf,,,,,,,,,,,,,,,,unavailable,0,unavailable,parent_unavailable(sequence_dnase_h3k4me3_rrbs);CI_UNAVAILABLE
single,labuhn,linear,sequence,sequence_ctcf,ctcf,,,,,,,,,,,,,,,,unavailable,0,unavailable,child_unavailable(sequence_ctcf);CI_UNAVAILABLE
single,labuhn,linear,sequence,sequence_dnase,dnase,,,,,,,,,,,,,,,,unavailable,0,unavailable,child_unavailable(sequence_dnase);CI_UNAVAILABLE
single,labuhn,linear,sequence,sequence_h3k4me3,h3k4me3,,,,,,,,,,,,,,,,unavailable,0,unavailable,child_unavailable(sequence_h3k4me3);CI_UNAVAILABLE
single,labuhn,linear,sequence,sequence_rrbs,rrbs,,,,,,,,,,,,,,,,unavailable,0,unavailable,child_unavailable(sequence_rrbs);CI_UNAVAILABLE
single,labuhn,linear,sequence_ctcf,sequence_ctcf_dnase,dnase,,,,,,,,,,,,,,,,unavailable,0,unavailable,parent_unavailable(sequence_ctcf);CI_UNAVAILABLE
single,labuhn,linear,sequence_ctcf,sequence_ctcf_h3k4me3,h3k4me3,,,,,,,,,,,,,,,,unavailable,0,unavailable,parent_unavailable(sequence_ctcf);CI_UNAVAILABLE
single,labuhn,linear,sequence_ctcf,sequence_ctcf_rrbs,rrbs,,,,,,,,,,,,,,,,unavailable,0,unavailable,parent_unavailable(sequence_ctcf);CI_UNAVAILABLE
single,labuhn,linear,sequence_dnase,sequence_ctcf_dnase,ctcf,,,,,,,,,,,,,,,,unavailable,0,unavailable,parent_unavailable(sequence_dnase);CI_UNAVAILABLE
single,labuhn,linear,sequence_dnase,sequence_dnase_h3k4me3,h3k4me3,,,,,,,,,,,,,,,,unavailable,0,unavailable,parent_unavailable(sequence_dnase);CI_UNAVAILABLE
single,labuhn,linear,sequence_dnase,sequence_dnase_rrbs,rrbs,,,,,,,,,,,,,,,,unavailable,0,unavailable,parent_unavailable(sequence_dnase);CI_UNAVAILABLE
single,labuhn,linear,sequence_h3k4me3,sequence_ctcf_h3k4me3,ctcf,,,,,,,,,,,,,,,,unavailable,0,unavailable,parent_unavailable(sequence_h3k4me3);CI_UNAVAILABLE
single,labuhn,linear,sequence_h3k4me3,sequence_dnase_h3k4me3,dnase,,,,,,,,,,,,,,,,unavailable,0,unavailable,parent_unavailable(sequence_h3k4me3);CI_UNAVAILABLE
single,labuhn,linear,sequence_h3k4me3,sequence_h3k4me3_rrbs,rrbs,,,,,,,,,,,,,,,,unavailable,0,unavailable,parent_unavailable(sequence_h3k4me3);CI_UNAVAILABLE
single,labuhn,linear,sequence_rrbs,sequence_ctcf_rrbs,ctcf,,,,,,,,,,,,,,,,unavailable,0,unavailable,parent_unavailable(sequence_rrbs);CI_UNAVAILABLE
single,labuhn,linear,sequence_rrbs,sequence_dnase_rrbs,dnase,,,,,,,,,,,,,,,,unavailable,0,unavailable,parent_unavailable(sequence_rrbs);CI_UNAVAILABLE
single,labuhn,linear,sequence_rrbs,sequence_h3k4me3_rrbs,h3k4me3,,,,,,,,,,,,,,,,unavailable,0,unavailable,parent_unavailable(sequence_rrbs);CI_UNAVAILABLE
single,labuhn,linear,sequence_ctcf_dnase,sequence_ctcf_dnase_h3k4me3,h3k4me3,,,,,,,,,,,,,,,,unavailable,0,unavailable,parent_unavailable(sequence_ctcf_dnase);CI_UNAVAILABLE
single,labuhn,linear,sequence_ctcf_dnase,sequence_ctcf_dnase_rrbs,rrbs,,,,,,,,,,,,,,,,unavailable,0,unavailable,parent_unavailable(sequence_ctcf_dnase);CI_UNAVAILABLE
single,labuhn,linear,sequence_ctcf_h3k4me3,sequence_ctcf_dnase_h3k4me3,dnase,,,,,,,,,,,,,,,,unavailable,0,unavailable,parent_unavailable(sequence_ctcf_h3k4me3);CI_UNAVAILABLE
single,labuhn,linear,sequence_ctcf_h3k4me3,sequence_ctcf_h3k4me3_rrbs,rrbs,,,,,,,,,,,,,,,,unavailable,0,unavailable,parent_unavailable(sequence_ctcf_h3k4me3);CI_UNAVAILABLE
single,labuhn,linear,sequence_ctcf_rrbs,sequence_ctcf_dnase_rrbs,dnase,,,,,,,,,,,,,,,,unavailable,0,unavailable,parent_unavailable(sequence_ctcf_rrbs);CI_UNAVAILABLE
single,labuhn,linear,sequence_ctcf_rrbs,sequence_ctcf_h3k4me3_rrbs,h3k4me3,,,,,,,,,,,,,,,,unavailable,0,unavailable,parent_unavailable(sequence_ctcf_rrbs);CI_UNAVAILABLE
single,labuhn,linear,sequence_dnase_h3k4me3,sequence_ctcf_dnase_h3k4me3,ctcf,,,,,,,,,,,,,,,,unavailable,0,unavailable,parent_unavailable(sequence_dnase_h3k4me3);CI_UNAVAILABLE
single,labuhn,linear,sequence_dnase_h3k4me3,sequence_dnase_h3k4me3_rrbs,rrbs,,,,,,,,,,,,,,,,unavailable,0,unavailable,parent_unavailable(sequence_dnase_h3k4me3);CI_UNAVAILABLE
single,labuhn,linear,sequence_dnase_rrbs,sequence_ctcf_dnase_rrbs,ctcf,,,,,,,,,,,,,,,,unavailable,0,unavailable,parent_unavailable(sequence_dnase_rrbs);CI_UNAVAILABLE
single,labuhn,linear,sequence_dnase_rrbs,sequence_dnase_h3k4me3_rrbs,h3k4me3,,,,,,,,,,,,,,,,unavailable,0,unavailable,parent_unavailable(sequence_dnase_rrbs);CI_UNAVAILABLE
single,labuhn,linear,sequence_h3k4me3_rrbs,sequence_ctcf_h3k4me3_rrbs,ctcf,,,,,,,,,,,,,,,,unavailable,0,unavailable,parent_unavailable(sequence_h3k4me3_rrbs);CI_UNAVAILABLE
single,labuhn,linear,sequence_h3k4me3_rrbs,sequence_dnase_h3k4me3_rrbs,dnase,,,,,,,,,,,,,,,,unavailable,0,unavailable,parent_unavailable(sequence_h3k4me3_rrbs);CI_UNAVAILABLE
single,labuhn,linear,sequence_ctcf_dnase_h3k4me3,all,rrbs,,,,,,,,,,,,,,,,unavailable,0,unavailable,parent_unavailable(sequence_ctcf_dnase_h3k4me3);CI_UNAVAILABLE
single,labuhn,linear,sequence_ctcf_dnase_rrbs,all,h3k4me3,,,,,,,,,,,,,,,,unavailable,0,unavailable,parent_unavailable(sequence_ctcf_dnase_rrbs);CI_UNAVAILABLE
single,labuhn,linear,sequence_ctcf_h3k4me3_rrbs,all,dnase,,,,,,,,,,,,,,,,unavailable,0,unavailable,parent_unavailable(sequence_ctcf_h3k4me3_rrbs);CI_UNAVAILABLE
single,labuhn,linear,sequence_dnase_h3k4me3_rrbs,all,ctcf,,,,,,,,,,,,,,,,unavailable,0,unavailable,parent_unavailable(sequence_dnase_h3k4me3_rrbs);CI_UNAVAILABLE
single,labuhn,mlp,sequence,sequence_ctcf,ctcf,,,,,,,,,,,,,,,,unavailable,0,unavailable,child_unavailable(sequence_ctcf);CI_UNAVAILABLE
single,labuhn,mlp,sequence,sequence_dnase,dnase,,,,,,,,,,,,,,,,unavailable,0,unavailable,child_unavailable(sequence_dnase);CI_UNAVAILABLE
single,labuhn,mlp,sequence,sequence_h3k4me3,h3k4me3,,,,,,,,,,,,,,,,unavailable,0,unavailable,child_unavailable(sequence_h3k4me3);CI_UNAVAILABLE
single,labuhn,mlp,sequence,sequence_rrbs,rrbs,,,,,,,,,,,,,,,,unavailable,0,unavailable,child_unavailable(sequence_rrbs);CI_UNAVAILABLE
single,labuhn,mlp,sequence_ctcf,sequence_ctcf_dnase,dnase,,,,,,,,,,,,,,,,unavailable,0,unavailable,parent_unavailable(sequence_ctcf);CI_UNAVAILABLE
single,labuhn,mlp,sequence_ctcf,sequence_ctcf_h3k4me3,h3k4me3,,,,,,,,,,,,,,,,unavailable,0,unavailable,parent_unavailable(sequence_ctcf);CI_UNAVAILABLE
single,labuhn,mlp,sequence_ctcf,sequence_ctcf_rrbs,rrbs,,,,,,,,,,,,,,,,unavailable,0,unavailable,parent_unavailable(sequence_ctcf);CI_UNAVAILABLE
single,labuhn,mlp,sequence_dnase,sequence_ctcf_dnase,ctcf,,,,,,,,,,,,,,,,unavailable,0,unavailable,parent_unavailable(sequence_dnase);CI_UNAVAILABLE
single,labuhn,mlp,sequence_dnase,sequence_dnase_h3k4me3,h3k4me3,,,,,,,,,,,,,,,,unavailable,0,unavailable,parent_unavailable(sequence_dnase);CI_UNAVAILABLE
single,labuhn,mlp,sequence_dnase,sequence_dnase_rrbs,rrbs,,,,,,,,,,,,,,,,unavailable,0,unavailable,parent_unavailable(sequence_dnase);CI_UNAVAILABLE
single,labuhn,mlp,sequence_h3k4me3,sequence_ctcf_h3k4me3,ctcf,,,,,,,,,,,,,,,,unavailable,0,unavailable,parent_unavailable(sequence_h3k4me3);CI_UNAVAILABLE
single,labuhn,mlp,sequence_h3k4me3,sequence_dnase_h3k4me3,dnase,,,,,,,,,,,,,,,,unavailable,0,unavailable,parent_unavailable(sequence_h3k4me3);CI_UNAVAILABLE
single,labuhn,mlp,sequence_h3k4me3,sequence_h3k4me3_rrbs,rrbs,,,,,,,,,,,,,,,,unavailable,0,unavailable,parent_unavailable(sequence_h3k4me3);CI_UNAVAILABLE
single,labuhn,mlp,sequence_rrbs,sequence_ctcf_rrbs,ctcf,,,,,,,,,,,,,,,,unavailable,0,unavailable,parent_unavailable(sequence_rrbs);CI_UNAVAILABLE
single,labuhn,mlp,sequence_rrbs,sequence_dnase_rrbs,dnase,,,,,,,,,,,,,,,,unavailable,0,unavailable,parent_unavailable(sequence_rrbs);CI_UNAVAILABLE
single,labuhn,mlp,sequence_rrbs,sequence_h3k4me3_rrbs,h3k4me3,,,,,,,,,,,,,,,,unavailable,0,unavailable,parent_unavailable(sequence_rrbs);CI_UNAVAILABLE
single,labuhn,mlp,sequence_ctcf_dnase,sequence_ctcf_dnase_h3k4me3,h3k4me3,,,,,,,,,,,,,,,,unavailable,0,unavailable,parent_unavailable(sequence_ctcf_dnase);CI_UNAVAILABLE
single,labuhn,mlp,sequence_ctcf_dnase,sequence_ctcf_dnase_rrbs,rrbs,,,,,,,,,,,,,,,,unavailable,0,unavailable,parent_unavailable(sequence_ctcf_dnase);CI_UNAVAILABLE
single,labuhn,mlp,sequence_ctcf_h3k4me3,sequence_ctcf_dnase_h3k4me3,dnase,,,,,,,,,,,,,,,,unavailable,0,unavailable,parent_unavailable(sequence_ctcf_h3k4me3);CI_UNAVAILABLE
single,labuhn,mlp,sequence_ctcf_h3k4me3,sequence_ctcf_h3k4me3_rrbs,rrbs,,,,,,,,,,,,,,,,unavailable,0,unavailable,parent_unavailable(sequence_ctcf_h3k4me3);CI_UNAVAILABLE
single,labuhn,mlp,sequence_ctcf_rrbs,sequence_ctcf_dnase_rrbs,dnase,,,,,,,,,,,,,,,,unavailable,0,unavailable,parent_unavailable(sequence_ctcf_rrbs);CI_UNAVAILABLE
single,labuhn,mlp,sequence_ctcf_rrbs,sequence_ctcf_h3k4me3_rrbs,h3k4me3,,,,,,,,,,,,,,,,unavailable,0,unavailable,parent_unavailable(sequence_ctcf_rrbs);CI_UNAVAILABLE
single,labuhn,mlp,sequence_dnase_h3k4me3,sequence_ctcf_dnase_h3k4me3,ctcf,,,,,,,,,,,,,,,,unavailable,0,unavailable,parent_unavailable(sequence_dnase_h3k4me3);CI_UNAVAILABLE
single,labuhn,mlp,sequence_dnase_h3k4me3,sequence_dnase_h3k4me3_rrbs,rrbs,,,,,,,,,,,,,,,,unavailable,0,unavailable,parent_unavailable(sequence_dnase_h3k4me3);CI_UNAVAILABLE
single,labuhn,mlp,sequence_dnase_rrbs,sequence_ctcf_dnase_rrbs,ctcf,,,,,,,,,,,,,,,,unavailable,0,unavailable,parent_unavailable(sequence_dnase_rrbs);CI_UNAVAILABLE
single,labuhn,mlp,sequence_dnase_rrbs,sequence_dnase_h3k4me3_rrbs,h3k4me3,,,,,,,,,,,,,,,,unavailable,0,unavailable,parent_unavailable(sequence_dnase_rrbs);CI_UNAVAILABLE
single,labuhn,mlp,sequence_h3k4me3_rrbs,sequence_ctcf_h3k4me3_rrbs,ctcf,,,,,,,,,,,,,,,,unavailable,0,unavailable,parent_unavailable(sequence_h3k4me3_rrbs);CI_UNAVAILABLE
single,labuhn,mlp,sequence_h3k4me3_rrbs,sequence_dnase_h3k4me3_rrbs,dnase,,,,,,,,,,,,,,,,unavailable,0,unavailable,parent_unavailable(sequence_h3k4me3_rrbs);CI_UNAVAILABLE
single,labuhn,mlp,sequence_ctcf_dnase_h3k4me3,all,rrbs,,,,,,,,,,,,,,,,unavailable,0,unavailable,parent_unavailable(sequence_ctcf_dnase_h3k4me3);CI_UNAVAILABLE
single,labuhn,mlp,sequence_ctcf_dnase_rrbs,all,h3k4me3,,,,,,,,,,,,,,,,unavailable,0,unavailable,parent_unavailable(sequence_ctcf_dnase_rrbs);CI_UNAVAILABLE
single,labuhn,mlp,sequence_ctcf_h3k4me3_rrbs,all,dnase,,,,,,,,,,,,,,,,unavailable,0,unavailable,parent_unavailable(sequence_ctcf_h3k4me3_rrbs);CI_UNAVAILABLE
single,labuhn,mlp,sequence_dnase_h3k4me3_rrbs,all,ctcf,,,,,,,,,,,,,,,,unavailable,0,unavailable,parent_unavailable(sequence_dnase_h3k4me3_rrbs);CI_UNAVAILABLE
single,labuhn,transformer,sequence,sequence_ctcf,ctcf,,,,,,,,,,,,,,,,unavailable,0,unavailable,child_unavailable(sequence_ctcf);CI_UNAVAILABLE
single,labuhn,transformer,sequence,sequence_dnase,dnase,,,,,,,,,,,,,,,,unavailable,0,unavailable,child_unavailable(sequence_dnase);CI_UNAVAILABLE
single,labuhn,transformer,sequence,sequence_h3k4me3,h3k4me3,,,,,,,,,,,,,,,,unavailable,0,unavailable,child_unavailable(sequence_h3k4me3);CI_UNAVAILABLE
single,labuhn,transformer,sequence,sequence_rrbs,rrbs,,,,,,,,,,,,,,,,unavailable,0,unavailable,child_unavailable(sequence_rrbs);CI_UNAVAILABLE
single,labuhn,transformer,sequence_ctcf,sequence_ctcf_dnase,dnase,,,,,,,,,,,,,,,,unavailable,0,unavailable,parent_unavailable(sequence_ctcf);CI_UNAVAILABLE
single,labuhn,transformer,sequence_ctcf,sequence_ctcf_h3k4me3,h3k4me3,,,,,,,,,,,,,,,,unavailable,0,unavailable,parent_unavailable(sequence_ctcf);CI_UNAVAILABLE
single,labuhn,transformer,sequence_ctcf,sequence_ctcf_rrbs,rrbs,,,,,,,,,,,,,,,,unavailable,0,unavailable,parent_unavailable(sequence_ctcf);CI_UNAVAILABLE
single,labuhn,transformer,sequence_dnase,sequence_ctcf_dnase,ctcf,,,,,,,,,,,,,,,,unavailable,0,unavailable,parent_unavailable(sequence_dnase);CI_UNAVAILABLE
single,labuhn,transformer,sequence_dnase,sequence_dnase_h3k4me3,h3k4me3,,,,,,,,,,,,,,,,unavailable,0,unavailable,parent_unavailable(sequence_dnase);CI_UNAVAILABLE
single,labuhn,transformer,sequence_dnase,sequence_dnase_rrbs,rrbs,,,,,,,,,,,,,,,,unavailable,0,unavailable,parent_unavailable(sequence_dnase);CI_UNAVAILABLE
single,labuhn,transformer,sequence_h3k4me3,sequence_ctcf_h3k4me3,ctcf,,,,,,,,,,,,,,,,unavailable,0,unavailable,parent_unavailable(sequence_h3k4me3);CI_UNAVAILABLE
single,labuhn,transformer,sequence_h3k4me3,sequence_dnase_h3k4me3,dnase,,,,,,,,,,,,,,,,unavailable,0,unavailable,parent_unavailable(sequence_h3k4me3);CI_UNAVAILABLE
single,labuhn,transformer,sequence_h3k4me3,sequence_h3k4me3_rrbs,rrbs,,,,,,,,,,,,,,,,unavailable,0,unavailable,parent_unavailable(sequence_h3k4me3);CI_UNAVAILABLE
single,labuhn,transformer,sequence_rrbs,sequence_ctcf_rrbs,ctcf,,,,,,,,,,,,,,,,unavailable,0,unavailable,parent_unavailable(sequence_rrbs);CI_UNAVAILABLE
single,labuhn,transformer,sequence_rrbs,sequence_dnase_rrbs,dnase,,,,,,,,,,,,,,,,unavailable,0,unavailable,parent_unavailable(sequence_rrbs);CI_UNAVAILABLE
single,labuhn,transformer,sequence_rrbs,sequence_h3k4me3_rrbs,h3k4me3,,,,,,,,,,,,,,,,unavailable,0,unavailable,parent_unavailable(sequence_rrbs);CI_UNAVAILABLE
single,labuhn,transformer,sequence_ctcf_dnase,sequence_ctcf_dnase_h3k4me3,h3k4me3,,,,,,,,,,,,,,,,unavailable,0,unavailable,parent_unavailable(sequence_ctcf_dnase);CI_UNAVAILABLE
single,labuhn,transformer,sequence_ctcf_dnase,sequence_ctcf_dnase_rrbs,rrbs,,,,,,,,,,,,,,,,unavailable,0,unavailable,parent_unavailable(sequence_ctcf_dnase);CI_UNAVAILABLE
single,labuhn,transformer,sequence_ctcf_h3k4me3,sequence_ctcf_dnase_h3k4me3,dnase,,,,,,,,,,,,,,,,unavailable,0,unavailable,parent_unavailable(sequence_ctcf_h3k4me3);CI_UNAVAILABLE
single,labuhn,transformer,sequence_ctcf_h3k4me3,sequence_ctcf_h3k4me3_rrbs,rrbs,,,,,,,,,,,,,,,,unavailable,0,unavailable,parent_unavailable(sequence_ctcf_h3k4me3);CI_UNAVAILABLE
single,labuhn,transformer,sequence_ctcf_rrbs,sequence_ctcf_dnase_rrbs,dnase,,,,,,,,,,,,,,,,unavailable,0,unavailable,parent_unavailable(sequence_ctcf_rrbs);CI_UNAVAILABLE
single,labuhn,transformer,sequence_ctcf_rrbs,sequence_ctcf_h3k4me3_rrbs,h3k4me3,,,,,,,,,,,,,,,,unavailable,0,unavailable,parent_unavailable(sequence_ctcf_rrbs);CI_UNAVAILABLE
single,labuhn,transformer,sequence_dnase_h3k4me3,sequence_ctcf_dnase_h3k4me3,ctcf,,,,,,,,,,,,,,,,unavailable,0,unavailable,parent_unavailable(sequence_dnase_h3k4me3);CI_UNAVAILABLE
single,labuhn,transformer,sequence_dnase_h3k4me3,sequence_dnase_h3k4me3_rrbs,rrbs,,,,,,,,,,,,,,,,unavailable,0,unavailable,parent_unavailable(sequence_dnase_h3k4me3);CI_UNAVAILABLE
single,labuhn,transformer,sequence_dnase_rrbs,sequence_ctcf_dnase_rrbs,ctcf,,,,,,,,,,,,,,,,unavailable,0,unavailable,parent_unavailable(sequence_dnase_rrbs);CI_UNAVAILABLE
single,labuhn,transformer,sequence_dnase_rrbs,sequence_dnase_h3k4me3_rrbs,h3k4me3,,,,,,,,,,,,,,,,unavailable,0,unavailable,parent_unavailable(sequence_dnase_rrbs);CI_UNAVAILABLE
single,labuhn,transformer,sequence_h3k4me3_rrbs,sequence_ctcf_h3k4me3_rrbs,ctcf,,,,,,,,,,,,,,,,unavailable,0,unavailable,parent_unavailable(sequence_h3k4me3_rrbs);CI_UNAVAILABLE
single,labuhn,transformer,sequence_h3k4me3_rrbs,sequence_dnase_h3k4me3_rrbs,dnase,,,,,,,,,,,,,,,,unavailable,0,unavailable,parent_unavailable(sequence_h3k4me3_rrbs);CI_UNAVAILABLE
single,labuhn,transformer,sequence_ctcf_dnase_h3k4me3,all,rrbs,,,,,,,,,,,,,,,,unavailable,0,unavailable,parent_unavailable(sequence_ctcf_dnase_h3k4me3);CI_UNAVAILABLE
single,labuhn,transformer,sequence_ctcf_dnase_rrbs,all,h3k4me3,,,,,,,,,,,,,,,,unavailable,0,unavailable,parent_unavailable(sequence_ctcf_dnase_rrbs);CI_UNAVAILABLE
single,labuhn,transformer,sequence_ctcf_h3k4me3_rrbs,all,dnase,,,,,,,,,,,,,,,,unavailable,0,unavailable,parent_unavailable(sequence_ctcf_h3k4me3_rrbs);CI_UNAVAILABLE
single,labuhn,transformer,sequence_dnase_h3k4me3_rrbs,all,ctcf,,,,,,,,,,,,,,,,unavailable,0,unavailable,parent_unavailable(sequence_dnase_h3k4me3_rrbs);CI_UNAVAILABLE
single,labuhn,xgboost,sequence,sequence_ctcf,ctcf,,,,,,,,,,,,,,,,unavailable,0,unavailable,child_unavailable(sequence_ctcf);CI_UNAVAILABLE
single,labuhn,xgboost,sequence,sequence_dnase,dnase,,,,,,,,,,,,,,,,unavailable,0,unavailable,child_unavailable(sequence_dnase);CI_UNAVAILABLE
single,labuhn,xgboost,sequence,sequence_h3k4me3,h3k4me3,,,,,,,,,,,,,,,,unavailable,0,unavailable,child_unavailable(sequence_h3k4me3);CI_UNAVAILABLE
single,labuhn,xgboost,sequence,sequence_rrbs,rrbs,,,,,,,,,,,,,,,,unavailable,0,unavailable,child_unavailable(sequence_rrbs);CI_UNAVAILABLE
single,labuhn,xgboost,sequence_ctcf,sequence_ctcf_dnase,dnase,,,,,,,,,,,,,,,,unavailable,0,unavailable,parent_unavailable(sequence_ctcf);CI_UNAVAILABLE
single,labuhn,xgboost,sequence_ctcf,sequence_ctcf_h3k4me3,h3k4me3,,,,,,,,,,,,,,,,unavailable,0,unavailable,parent_unavailable(sequence_ctcf);CI_UNAVAILABLE
single,labuhn,xgboost,sequence_ctcf,sequence_ctcf_rrbs,rrbs,,,,,,,,,,,,,,,,unavailable,0,unavailable,parent_unavailable(sequence_ctcf);CI_UNAVAILABLE
single,labuhn,xgboost,sequence_dnase,sequence_ctcf_dnase,ctcf,,,,,,,,,,,,,,,,unavailable,0,unavailable,parent_unavailable(sequence_dnase);CI_UNAVAILABLE
single,labuhn,xgboost,sequence_dnase,sequence_dnase_h3k4me3,h3k4me3,,,,,,,,,,,,,,,,unavailable,0,unavailable,parent_unavailable(sequence_dnase);CI_UNAVAILABLE
single,labuhn,xgboost,sequence_dnase,sequence_dnase_rrbs,rrbs,,,,,,,,,,,,,,,,unavailable,0,unavailable,parent_unavailable(sequence_dnase);CI_UNAVAILABLE
single,labuhn,xgboost,sequence_h3k4me3,sequence_ctcf_h3k4me3,ctcf,,,,,,,,,,,,,,,,unavailable,0,unavailable,parent_unavailable(sequence_h3k4me3);CI_UNAVAILABLE
single,labuhn,xgboost,sequence_h3k4me3,sequence_dnase_h3k4me3,dnase,,,,,,,,,,,,,,,,unavailable,0,unavailable,parent_unavailable(sequence_h3k4me3);CI_UNAVAILABLE
single,labuhn,xgboost,sequence_h3k4me3,sequence_h3k4me3_rrbs,rrbs,,,,,,,,,,,,,,,,unavailable,0,unavailable,parent_unavailable(sequence_h3k4me3);CI_UNAVAILABLE
single,labuhn,xgboost,sequence_rrbs,sequence_ctcf_rrbs,ctcf,,,,,,,,,,,,,,,,unavailable,0,unavailable,parent_unavailable(sequence_rrbs);CI_UNAVAILABLE
single,labuhn,xgboost,sequence_rrbs,sequence_dnase_rrbs,dnase,,,,,,,,,,,,,,,,unavailable,0,unavailable,parent_unavailable(sequence_rrbs);CI_UNAVAILABLE
single,labuhn,xgboost,sequence_rrbs,sequence_h3k4me3_rrbs,h3k4me3,,,,,,,,,,,,,,,,unavailable,0,unavailable,parent_unavailable(sequence_rrbs);CI_UNAVAILABLE
single,labuhn,xgboost,sequence_ctcf_dnase,sequence_ctcf_dnase_h3k4me3,h3k4me3,,,,,,,,,,,,,,,,unavailable,0,unavailable,parent_unavailable(sequence_ctcf_dnase);CI_UNAVAILABLE
single,labuhn,xgboost,sequence_ctcf_dnase,sequence_ctcf_dnase_rrbs,rrbs,,,,,,,,,,,,,,,,unavailable,0,unavailable,parent_unavailable(sequence_ctcf_dnase);CI_UNAVAILABLE
single,labuhn,xgboost,sequence_ctcf_h3k4me3,sequence_ctcf_dnase_h3k4me3,dnase,,,,,,,,,,,,,,,,unavailable,0,unavailable,parent_unavailable(sequence_ctcf_h3k4me3);CI_UNAVAILABLE
single,labuhn,xgboost,sequence_ctcf_h3k4me3,sequence_ctcf_h3k4me3_rrbs,rrbs,,,,,,,,,,,,,,,,unavailable,0,unavailable,parent_unavailable(sequence_ctcf_h3k4me3);CI_UNAVAILABLE
single,labuhn,xgboost,sequence_ctcf_rrbs,sequence_ctcf_dnase_rrbs,dnase,,,,,,,,,,,,,,,,unavailable,0,unavailable,parent_unavailable(sequence_ctcf_rrbs);CI_UNAVAILABLE
single,labuhn,xgboost,sequence_ctcf_rrbs,sequence_ctcf_h3k4me3_rrbs,h3k4me3,,,,,,,,,,,,,,,,unavailable,0,unavailable,parent_unavailable(sequence_ctcf_rrbs);CI_UNAVAILABLE
single,labuhn,xgboost,sequence_dnase_h3k4me3,sequence_ctcf_dnase_h3k4me3,ctcf,,,,,,,,,,,,,,,,unavailable,0,unavailable,parent_unavailable(sequence_dnase_h3k4me3);CI_UNAVAILABLE
single,labuhn,xgboost,sequence_dnase_h3k4me3,sequence_dnase_h3k4me3_rrbs,rrbs,,,,,,,,,,,,,,,,unavailable,0,unavailable,parent_unavailable(sequence_dnase_h3k4me3);CI_UNAVAILABLE
single,labuhn,xgboost,sequence_dnase_rrbs,sequence_ctcf_dnase_rrbs,ctcf,,,,,,,,,,,,,,,,unavailable,0,unavailable,parent_unavailable(sequence_dnase_rrbs);CI_UNAVAILABLE
single,labuhn,xgboost,sequence_dnase_rrbs,sequence_dnase_h3k4me3_rrbs,h3k4me3,,,,,,,,,,,,,,,,unavailable,0,unavailable,parent_unavailable(sequence_dnase_rrbs);CI_UNAVAILABLE
single,labuhn,xgboost,sequence_h3k4me3_rrbs,sequence_ctcf_h3k4me3_rrbs,ctcf,,,,,,,,,,,,,,,,unavailable,0,unavailable,parent_unavailable(sequence_h3k4me3_rrbs);CI_UNAVAILABLE
single,labuhn,xgboost,sequence_h3k4me3_rrbs,sequence_dnase_h3k4me3_rrbs,dnase,,,,,,,,,,,,,,,,unavailable,0,unavailable,parent_unavailable(sequence_h3k4me3_rrbs);CI_UNAVAILABLE
single,labuhn,xgboost,sequence_ctcf_dnase_h3k4me3,all,rrbs,,,,,,,,,,,,,,,,unavailable,0,unavailable,parent_unavailable(sequence_ctcf_dnase_h3k4me3);CI_UNAVAILABLE
single,labuhn,xgboost,sequence_ctcf_dnase_rrbs,all,h3k4me3,,,,,,,,,,,,,,,,unavailable,0,unavailable,parent_unavailable(sequence_ctcf_dnase_rrbs);CI_UNAVAILABLE
single,labuhn,xgboost,sequence_ctcf_h3k4me3_rrbs,all,dnase,,,,,,,,,,,,,,,,unavailable,0,unavailable,parent_unavailable(sequence_ctcf_h3k4me3_rrbs);CI_UNAVAILABLE
single,labuhn,xgboost,sequence_dnase_h3k4me3_rrbs,all,ctcf,,,,,,,,,,,,,,,,unavailable,0,unavailable,parent_unavailable(sequence_dnase_h3k4me3_rrbs);CI_UNAVAILABLE
