motif_id,model_source,model_variant,attribution_method,split_type,environment,sequence,consensus,iupac,human_pattern,regex,length,position_start,position_end,position_mean,position_std,position_distribution,preferred_position,support_count,sample_support,mean_effect,effect_direction,enrichment,odds_ratio,p_value,FDR,status
motif_cnn33_labuhn_sequence_cnn_ig_001,cnn,cnn33,cnn_ig,single,sequence,CTGG,CTGG,CTGG,CTGG,CTGG,4,20,23,20.0,0.0,20:74,20,74,74,-0.05036370262390677,-,0.8178095238095238,0.7659938837920489,0.8878312572110426,0.9542095131931129,ok
motif_cnn53_labuhn_sequence_cnn_ig_002,cnn,cnn53,cnn_ig,single,sequence,CTGG,CTGG,CTGG,CTGG,CTGG,4,20,23,20.0,0.0,20:74,20,74,74,-0.05036370262390677,-,0.8178095238095238,0.7659938837920489,0.8878312572110426,0.9542095131931129,ok
motif_cnn73_labuhn_sequence_cnn_ig_003,cnn,cnn73,cnn_ig,single,sequence,CTGG,CTGG,CTGG,CTGG,CTGG,4,20,23,20.0,0.0,20:74,20,74,74,-0.05036370262390677,-,0.8178095238095238,0.7659938837920489,0.8878312572110426,0.9542095131931129,ok
motif_cnn53_labuhn_sequence_cnn_ig_004,cnn,cnn53,cnn_ig,single,sequence,CAGG,CAGG,CAGG,CAGG,CAGG,4,2,23,19.672727272727272,2.4271195048676715,2:1;20:54,2;20,55,55,-0.061768658965344,-,0.8677944862155388,0.8390541571319603,0.7843556114540542,0.9542095131931129,ok
motif_cnn33_labuhn_sequence_cnn_ig_005,cnn,cnn33,cnn_ig,single,sequence,CAGG,CAGG,CAGG,CAGG,CAGG,4,20,23,20.0,0.0,20:54,20,54,54,-0.06855371900826446,-,0.8677944862155388,0.8390541571319603,0.7843556114540542,0.9542095131931129,ok
motif_cnn73_labuhn_sequence_cnn_ig_006,cnn,cnn73,cnn_ig,single,sequence,CAGG,CAGG,CAGG,CAGG,CAGG,4,20,23,20.0,0.0,20:54,20,54,54,-0.06855371900826446,-,0.8677944862155388,0.8390541571319603,0.7843556114540542,0.9542095131931129,ok
motif_cnn53_labuhn_sequence_cnn_ig_007,cnn,cnn53,cnn_ig,single,sequence,GAGG,GAGG,GAGG,GAGG,GAGG,4,20,23,20.0,0.0,20:49,20,49,49,0.054469082741792296,+,1.187142857142857,1.2381818181818183,0.24195911114461488,0.8972940568478345,ok
motif_cnn73_labuhn_sequence_cnn_ig_008,cnn,cnn73,cnn_ig,single,sequence,GAGG,GAGG,GAGG,GAGG,GAGG,4,20,23,20.0,0.0,20:49,20,49,49,0.054469082741792296,+,1.187142857142857,1.2381818181818183,0.24195911114461488,0.8972940568478345,ok
motif_cnn33_labuhn_sequence_cnn_ig_009,cnn,cnn33,cnn_ig,single,sequence,ATGG,ATGG,ATGG,ATGG,ATGG,4,20,23,20.0,0.0,20:34,20,34,34,-0.019005260328674667,-,0.6848901098901098,0.6383984867591425,0.9542095131931129,0.9542095131931129,ok
motif_cnn53_labuhn_sequence_cnn_ig_010,cnn,cnn53,cnn_ig,single,sequence,ATGG,ATGG,ATGG,ATGG,ATGG,4,20,23,20.0,0.0,20:34,20,34,34,-0.019005260328674667,-,0.6848901098901098,0.6383984867591425,0.9542095131931129,0.9542095131931129,ok
motif_cnn73_labuhn_sequence_cnn_ig_011,cnn,cnn73,cnn_ig,single,sequence,ATGG,ATGG,ATGG,ATGG,ATGG,4,20,23,20.0,0.0,20:34,20,34,34,-0.019005260328674667,-,0.6848901098901098,0.6383984867591425,0.9542095131931129,0.9542095131931129,ok
motif_cnn33_labuhn_sequence_cnn_ig_012,cnn,cnn33,cnn_ig,single,sequence,GTGG,GTGG,GTGG,GTGG,GTGG,4,20,23,20.0,0.0,20:31,20,31,31,0.07154571285308353,+,1.1431746031746033,1.1758284600389863,0.32046216315994086,0.8972940568478345,ok
motif_cnn53_labuhn_sequence_cnn_ig_013,cnn,cnn53,cnn_ig,single,sequence,GTGG,GTGG,GTGG,GTGG,GTGG,4,20,23,20.0,0.0,20:31,20,31,31,0.07154571285308353,+,1.1431746031746033,1.1758284600389863,0.32046216315994086,0.8972940568478345,ok
motif_cnn73_labuhn_sequence_cnn_ig_014,cnn,cnn73,cnn_ig,single,sequence,GTGG,GTGG,GTGG,GTGG,GTGG,4,20,23,20.0,0.0,20:31,20,31,31,0.07154571285308353,+,1.1431746031746033,1.1758284600389863,0.32046216315994086,0.8972940568478345,ok
