split_type,cell_line,model,combination,environment_count,CTCF,DNase,H3K4me3,RRBS,r2,rmse,mae,pearson,spearman,sample_count,eligible_count,n_invalid,status,warning
single,hiranniramol,cnn(3|3),sequence,0,False,False,False,False,0.3455464276781402,0.2964268643937783,0.230299895487461,0.6072603406769831,0.5713926987703962,1,1,0,ok,
single,hiranniramol,cnn(3|3),sequence_ctcf,1,True,False,False,False,,,,,,0,0,0,unavailable,no experiment for this combination
single,hiranniramol,cnn(3|3),sequence_dnase,1,False,True,False,False,,,,,,0,0,0,unavailable,no experiment for this combination
single,hiranniramol,cnn(3|3),sequence_h3k4me3,1,False,False,True,False,,,,,,0,0,0,unavailable,no experiment for this combination
single,hiranniramol,cnn(3|3),sequence_rrbs,1,False,False,False,True,,,,,,0,0,0,unavailable,no experiment for this combination
single,hiranniramol,cnn(3|3),sequence_ctcf_dnase,2,True,True,False,False,,,,,,0,0,0,unavailable,no experiment for this combination
single,hiranniramol,cnn(3|3),sequence_ctcf_h3k4me3,2,True,False,True,False,,,,,,0,0,0,unavailable,no experiment for this combination
single,hiranniramol,cnn(3|3),sequence_ctcf_rrbs,2,True,False,False,True,,,,,,0,0,0,unavailable,no experiment for this combination
single,hiranniramol,cnn(3|3),sequence_dnase_h3k4me3,2,False,True,True,False,,,,,,0,0,0,unavailable,no experiment for this combination
single,hiranniramol,cnn(3|3),sequence_dnase_rrbs,2,False,True,False,True,,,,,,0,0,0,unavailable,no experiment for this combination
single,hiranniramol,cnn(3|3),sequence_h3k4me3_rrbs,2,False,False,True,True,,,,,,0,0,0,unavailable,no experiment for this combination
single,hiranniramol,cnn(3|3),sequence_ctcf_dnase_h3k4me3,3,True,True,True,False,,,,,,0,0,0,unavailable,no experiment for this combination
single,hiranniramol,cnn(3|3),sequence_ctcf_dnase_rrbs,3,True,True,False,True,,,,,,0,0,0,unavailable,no experiment for this combination
single,hiranniramol,cnn(3|3),sequence_ctcf_h3k4me3_rrbs,3,True,False,True,True,,,,,,0,0,0,unavailable,no experiment for this combination
single,hiranniramol,cnn(3|3),sequence_dnase_h3k4me3_rrbs,3,False,True,True,True,,,,,,0,0,0,unavailable,no experiment for this combination
single,hiranniramol,cnn(3|3),all,4,True,True,True,True,,,,,,0,0,0,unavailable,no experiment for this combination
single,hiranniramol,cnn(5|3),sequence,0,False,False,False,False,0.3601291904266845,0.2931057160350249,0.2323339370452813,0.6087210932499073,0.5767532583221069,1,1,0,ok,
single,hiranniramol,cnn(5|3),sequence_ctcf,1,True,False,False,False,,,,,,0,0,0,unavailable,no experiment for this combination
single,hiranniramol,cnn(5|3),sequence_dnase,1,False,True,False,False,,,,,,0,0,0,unavailable,no experiment for this combination
single,hiranniramol,cnn(5|3),sequence_h3k4me3,1,False,False,True,False,,,,,,0,0,0,unavailable,no experiment for this combination
single,hiranniramol,cnn(5|3),sequence_rrbs,1,False,False,False,True,,,,,,0,0,0,unavailable,no experiment for this combination
single,hiranniramol,cnn(5|3),sequence_ctcf_dnase,2,True,True,False,False,,,,,,0,0,0,unavailable,no experiment for this combination
single,hiranniramol,cnn(5|3),sequence_ctcf_h3k4me3,2,True,False,True,False,,,,,,0,0,0,unavailable,no experiment for this combination
single,hiranniramol,cnn(5|3),sequence_ctcf_rrbs,2,True,False,False,True,,,,,,0,0,0,unavailable,no experiment for this combination
single,hiranniramol,cnn(5|3),sequence_dnase_h3k4me3,2,False,True,True,False,,,,,,0,0,0,unavailable,no experiment for this combination
single,hiranniramol,cnn(5|3),sequence_dnase_rrbs,2,False,True,False,True,,,,,,0,0,0,unavailable,no experiment for this combination
single,hiranniramol,cnn(5|3),sequence_h3k4me3_rrbs,2,False,False,True,True,,,,,,0,0,0,unavailable,no experiment for this combination
single,hiranniramol,cnn(5|3),sequence_ctcf_dnase_h3k4me3,3,True,True,True,False,,,,,,0,0,0,unavailable,no experiment for this combination
single,hiranniramol,cnn(5|3),sequence_ctcf_dnase_rrbs,3,True,True,False,True,,,,,,0,0,0,unavailable,no experiment for this combination
single,hiranniramol,cnn(5|3),sequence_ctcf_h3k4me3_rrbs,3,True,False,True,True,,,,,,0,0,0,unavailable,no experiment for this combination
single,hiranniramol,cnn(5|3),sequence_dnase_h3k4me3_rrbs,3,False,True,True,True,,,,,,0,0,0,unavailable,no experiment for this combination
single,hiranniramol,cnn(5|3),all,4,True,True,True,True,,,,,,0,0,0,unavailable,no experiment for this combination
single,hiranniramol,cnn(7|3),sequence,0,False,False,False,False,0.4242930864360357,0.2780218066620491,0.2176976760064587,0.6542162986599322,0.6300574859061595,1,1,0,ok,
single,hiranniramol,cnn(7|3),sequence_ctcf,1,True,False,False,False,,,,,,0,0,0,unavailable,no experiment for this combination
single,hiranniramol,cnn(7|3),sequence_dnase,1,False,True,False,False,,,,,,0,0,0,unavailable,no experiment for this combination
single,hiranniramol,cnn(7|3),sequence_h3k4me3,1,False,False,True,False,,,,,,0,0,0,unavailable,no experiment for this combination
single,hiranniramol,cnn(7|3),sequence_rrbs,1,False,False,False,True,,,,,,0,0,0,unavailable,no experiment for this combination
single,hiranniramol,cnn(7|3),sequence_ctcf_dnase,2,True,True,False,False,,,,,,0,0,0,unavailable,no experiment for this combination
single,hiranniramol,cnn(7|3),sequence_ctcf_h3k4me3,2,True,False,True,False,,,,,,0,0,0,unavailable,no experiment for this combination
single,hiranniramol,cnn(7|3),sequence_ctcf_rrbs,2,True,False,False,True,,,,,,0,0,0,unavailable,no experiment for this combination
single,hiranniramol,cnn(7|3),sequence_dnase_h3k4me3,2,False,True,True,False,,,,,,0,0,0,unavailable,no experiment for this combination
single,hiranniramol,cnn(7|3),sequence_dnase_rrbs,2,False,True,False,True,,,,,,0,0,0,unavailable,no experiment for this combination
single,hiranniramol,cnn(7|3),sequence_h3k4me3_rrbs,2,False,False,True,True,,,,,,0,0,0,unavailable,no experiment for this combination
single,hiranniramol,cnn(7|3),sequence_ctcf_dnase_h3k4me3,3,True,True,True,False,,,,,,0,0,0,unavailable,no experiment for this combination
single,hiranniramol,cnn(7|3),sequence_ctcf_dnase_rrbs,3,True,True,False,True,,,,,,0,0,0,unavailable,no experiment for this combination
single,hiranniramol,cnn(7|3),sequence_ctcf_h3k4me3_rrbs,3,True,False,True,True,,,,,,0,0,0,unavailable,no experiment for this combination
single,hiranniramol,cnn(7|3),sequence_dnase_h3k4me3_rrbs,3,False,True,True,True,,,,,,0,0,0,unavailable,no experiment for this combination
single,hiranniramol,cnn(7|3),all,4,True,True,True,True,,,,,,0,0,0,unavailable,no experiment for this combination
single,hiranniramol,linear,sequence,0,False,False,False,False,0.3744778573430876,0.289800735013161,0.2381164153026142,0.6242498841866087,0.6225467473590396,1,1,0,ok,
single,hiranniramol,linear,sequence_ctcf,1,True,False,False,False,,,,,,0,0,0,unavailable,no experiment for this combination
single,hiranniramol,linear,sequence_dnase,1,False,True,False,False,,,,,,0,0,0,unavailable,no experiment for this combination
single,hiranniramol,linear,sequence_h3k4me3,1,False,False,True,False,,,,,,0,0,0,unavailable,no experiment for this combination
single,hiranniramol,linear,sequence_rrbs,1,False,False,False,True,,,,,,0,0,0,unavailable,no experiment for this combination
single,hiranniramol,linear,sequence_ctcf_dnase,2,True,True,False,False,,,,,,0,0,0,unavailable,no experiment for this combination
single,hiranniramol,linear,sequence_ctcf_h3k4me3,2,True,False,True,False,,,,,,0,0,0,unavailable,no experiment for this combination
single,hiranniramol,linear,sequence_ctcf_rrbs,2,True,False,False,True,,,,,,0,0,0,unavailable,no experiment for this combination
single,hiranniramol,linear,sequence_dnase_h3k4me3,2,False,True,True,False,,,,,,0,0,0,unavailable,no experiment for this combination
single,hiranniramol,linear,sequence_dnase_rrbs,2,False,True,False,True,,,,,,0,0,0,unavailable,no experiment for this combination
single,hiranniramol,linear,sequence_h3k4me3_rrbs,2,False,False,True,True,,,,,,0,0,0,unavailable,no experiment for this combination
single,hiranniramol,linear,sequence_ctcf_dnase_h3k4me3,3,True,True,True,False,,,,,,0,0,0,unavailable,no experiment for this combination
single,hiranniramol,linear,sequence_ctcf_dnase_rrbs,3,True,True,False,True,,,,,,0,0,0,unavailable,no experiment for this combination
single,hiranniramol,linear,sequence_ctcf_h3k4me3_rrbs,3,True,False,True,True,,,,,,0,0,0,unavailable,no experiment for this combination
single,hiranniramol,linear,sequence_dnase_h3k4me3_rrbs,3,False,True,True,True,,,,,,0,0,0,unavailable,no experiment for this combination
single,hiranniramol,linear,all,4,True,True,True,True,,,,,,0,0,0,unavailable,no experiment for this combination
single,hiranniramol,mlp,sequence,0,False,False,False,False,0.3549082883320561,0.2942990564685542,0.2446419256290203,0.6220903215995011,0.6342838553625157,1,1,0,ok,
single,hiranniramol,mlp,sequence_ctcf,1,True,False,False,False,,,,,,0,0,0,unavailable,no experiment for this combination
single,hiranniramol,mlp,sequence_dnase,1,False,True,False,False,,,,,,0,0,0,unavailable,no experiment for this combination
single,hiranniramol,mlp,sequence_h3k4me3,1,False,False,True,False,,,,,,0,0,0,unavailable,no experiment for this combination
single,hiranniramol,mlp,sequence_rrbs,1,False,False,False,True,,,,,,0,0,0,unavailable,no experiment for this combination
single,hiranniramol,mlp,sequence_ctcf_dnase,2,True,True,False,False,,,,,,0,0,0,unavailable,no experiment for this combination
single,hiranniramol,mlp,sequence_ctcf_h3k4me3,2,True,False,True,False,,,,,,0,0,0,unavailable,no experiment for this combination
single,hiranniramol,mlp,sequence_ctcf_rrbs,2,True,False,False,True,,,,,,0,0,0,unavailable,no experiment for this combination
single,hiranniramol,mlp,sequence_dnase_h3k4me3,2,False,True,True,False,,,,,,0,0,0,unavailable,no experiment for this combination
single,hiranniramol,mlp,sequence_dnase_rrbs,2,False,True,False,True,,,,,,0,0,0,unavailable,no experiment for this combination
single,hiranniramol,mlp,sequence_h3k4me3_rrbs,2,False,False,True,True,,,,,,0,0,0,unavailable,no experiment for this combination
single,hiranniramol,mlp,sequence_ctcf_dnase_h3k4me3,3,True,True,True,False,,,,,,0,0,0,unavailable,no experiment for this combination
single,hiranniramol,mlp,sequence_ctcf_dnase_rrbs,3,True,True,False,True,,,,,,0,0,0,unavailable,no experiment for this combination
single,hiranniramol,mlp,sequence_ctcf_h3k4me3_rrbs,3,True,False,True,True,,,,,,0,0,0,unavailable,no experiment for this combination
single,hiranniramol,mlp,sequence_dnase_h3k4me3_rrbs,3,False,True,True,True,,,,,,0,0,0,unavailable,no experiment for this combination
single,hiranniramol,mlp,all,4,True,True,True,True,,,,,,0,0,0,unavailable,no experiment for this combination
single,hiranniramol,transformer,sequence,0,False,False,False,False,0.4888266992306715,0.2619764300658504,0.1779672196371301,0.7090313690129516,0.6646561487592724,1,1,0,ok,
single,hiranniramol,transformer,sequence_ctcf,1,True,False,False,False,,,,,,0,0,0,unavailable,no experiment for this combination
single,hiranniramol,transformer,sequence_dnase,1,False,True,False,False,,,,,,0,0,0,unavailable,no experiment for this combination
single,hiranniramol,transformer,sequence_h3k4me3,1,False,False,True,False,,,,,,0,0,0,unavailable,no experiment for this combination
single,hiranniramol,transformer,sequence_rrbs,1,False,False,False,True,,,,,,0,0,0,unavailable,no experiment for this combination
single,hiranniramol,transformer,sequence_ctcf_dnase,2,True,True,False,False,,,,,,0,0,0,unavailable,no experiment for this combination
single,hiranniramol,transformer,sequence_ctcf_h3k4me3,2,True,False,True,False,,,,,,0,0,0,unavailable,no experiment for this combination
single,hiranniramol,transformer,sequence_ctcf_rrbs,2,True,False,False,True,,,,,,0,0,0,unavailable,no experiment for this combination
single,hiranniramol,transformer,sequence_dnase_h3k4me3,2,False,True,True,False,,,,,,0,0,0,unavailable,no experiment for this combination
single,hiranniramol,transformer,sequence_dnase_rrbs,2,False,True,False,True,,,,,,0,0,0,unavailable,no experiment for this combination
single,hiranniramol,transformer,sequence_h3k4me3_rrbs,2,False,False,True,True,,,,,,0,0,0,unavailable,no experiment for this combination
single,hiranniramol,transformer,sequence_ctcf_dnase_h3k4me3,3,True,True,True,False,,,,,,0,0,0,unavailable,no experiment for this combination
single,hiranniramol,transformer,sequence_ctcf_dnase_rrbs,3,True,True,False,True,,,,,,0,0,0,unavailable,no experiment for this combination
single,hiranniramol,transformer,sequence_ctcf_h3k4me3_rrbs,3,True,False,True,True,,,,,,0,0,0,unavailable,no experiment for this combination
single,hiranniramol,transformer,sequence_dnase_h3k4me3_rrbs,3,False,True,True,True,,,,,,0,0,0,unavailable,no experiment for this combination
single,hiranniramol,transformer,all,4,True,True,True,True,,,,,,0,0,0,unavailable,no experiment for this combination
single,hiranniramol,xgboost,sequence,0,False,False,False,False,0.4720054134834389,0.2662519968700673,0.2096138228165922,0.6946014689968413,0.6623922800645676,1,1,0,ok,
single,hiranniramol,xgboost,sequence_ctcf,1,True,False,False,False,,,,,,0,0,0,unavailable,no experiment for this combination
single,hiranniramol,xgboost,sequence_dnase,1,False,True,False,False,,,,,,0,0,0,unavailable,no experiment for this combination
single,hiranniramol,xgboost,sequence_h3k4me3,1,False,False,True,False,,,,,,0,0,0,unavailable,no experiment for this combination
single,hiranniramol,xgboost,sequence_rrbs,1,False,False,False,True,,,,,,0,0,0,unavailable,no experiment for this combination
single,hiranniramol,xgboost,sequence_ctcf_dnase,2,True,True,False,False,,,,,,0,0,0,unavailable,no experiment for this combination
single,hiranniramol,xgboost,sequence_ctcf_h3k4me3,2,True,False,True,False,,,,,,0,0,0,unavailable,no experiment for this combination
single,hiranniramol,xgboost,sequence_ctcf_rrbs,2,True,False,False,True,,,,,,0,0,0,unavailable,no experiment for this combination
single,hiranniramol,xgboost,sequence_dnase_h3k4me3,2,False,True,True,False,,,,,,0,0,0,unavailable,no experiment for this combination
single,hiranniramol,xgboost,sequence_dnase_rrbs,2,False,True,False,True,,,,,,0,0,0,unavailable,no experiment for this combination
single,hiranniramol,xgboost,sequence_h3k4me3_rrbs,2,False,False,True,True,,,,,,0,0,0,unavailable,no experiment for this combination
single,hiranniramol,xgboost,sequence_ctcf_dnase_h3k4me3,3,True,True,True,False,,,,,,0,0,0,unavailable,no experiment for this combination
single,hiranniramol,xgboost,sequence_ctcf_dnase_rrbs,3,True,True,False,True,,,,,,0,0,0,unavailable,no experiment for this combination
single,hiranniramol,xgboost,sequence_ctcf_h3k4me3_rrbs,3,True,False,True,True,,,,,,0,0,0,unavailable,no experiment for this combination
single,hiranniramol,xgboost,sequence_dnase_h3k4me3_rrbs,3,False,True,True,True,,,,,,0,0,0,unavailable,no experiment for this combination
single,hiranniramol,xgboost,all,4,True,True,True,True,,,,,,0,0,0,unavailable,no experiment for this combination
