motif_id,foreground_count,foreground_total,background_count,background_total,effect,enrichment,odds_ratio,p_value,FDR,status,reason
motif_cnn33_hiranniramol_sequence_cnn_ig_001,156,746,122,563,-0.007580988480897527,0.9650156023381532,0.9557654904140039,0.6560645939004168,0.8747527918672224,ok,
motif_cnn33_hiranniramol_sequence_cnn_ig_002,122,746,77,563,0.026771556055028845,1.1957452734932628,1.2340159840159841,0.10391026345832237,0.19559579003919506,ok,
motif_cnn53_hiranniramol_sequence_cnn_ig_003,122,746,77,563,0.026771556055028845,1.1957452734932628,1.2340159840159841,0.10391026345832237,0.19559579003919506,ok,
motif_cnn73_hiranniramol_sequence_cnn_ig_004,122,746,77,563,0.026771556055028845,1.1957452734932628,1.2340159840159841,0.10391026345832237,0.19559579003919506,ok,
motif_cnn73_hiranniramol_sequence_cnn_ig_005,156,746,122,563,-0.007580988480897527,0.9650156023381532,0.9557654904140039,0.6560645939004168,0.8747527918672224,ok,
motif_cnn53_hiranniramol_sequence_cnn_ig_006,156,746,122,563,-0.007580988480897527,0.9650156023381532,0.9557654904140039,0.6560645939004168,0.8747527918672224,ok,
motif_cnn33_hiranniramol_sequence_cnn_ig_007,153,746,58,563,0.10207429559188377,1.990824627900527,2.2464674071058908,3.0191523061384033e-07,1.0734763755158767e-06,ok,
motif_cnn73_hiranniramol_sequence_cnn_ig_008,153,746,58,563,0.10207429559188377,1.990824627900527,2.2464674071058908,3.0191523061384033e-07,1.0734763755158767e-06,ok,
motif_cnn33_hiranniramol_sequence_cnn_ig_009,86,746,140,563,-0.13338634945880695,0.46359632324779776,0.3937012987012987,0.9999999999062413,1.0,ok,
motif_cnn73_hiranniramol_sequence_cnn_ig_010,86,746,140,563,-0.13338634945880695,0.46359632324779776,0.3937012987012987,0.9999999999062413,1.0,ok,
motif_cnn73_hiranniramol_sequence_cnn_ig_011,155,746,103,563,0.02482630869670807,1.1357010854004528,1.1712910485765446,0.14733593095102837,0.2357374895216454,ok,
motif_cnn33_hiranniramol_sequence_cnn_ig_012,125,746,44,563,0.08940756860746955,2.1440104801364854,2.374286341677646,7.963730048287933e-07,1.96030278111703e-06,ok,
motif_cnn53_hiranniramol_sequence_cnn_ig_013,86,746,140,563,-0.13338634945880695,0.46359632324779776,0.3937012987012987,0.9999999999062413,1.0,ok,
motif_cnn73_hiranniramol_sequence_cnn_ig_014,125,746,44,563,0.08940756860746955,2.1440104801364854,2.374286341677646,7.963730048287933e-07,1.96030278111703e-06,ok,
motif_cnn53_hiranniramol_sequence_cnn_ig_015,125,746,44,563,0.08940756860746955,2.1440104801364854,2.374286341677646,7.963730048287933e-07,1.96030278111703e-06,ok,
motif_cnn73_hiranniramol_sequence_cnn_ig_016,199,746,56,563,0.16728889185186596,2.6818508234392957,3.2937124575607206,5.695813998936196e-15,4.5566511991489565e-14,ok,
motif_cnn33_hiranniramol_sequence_cnn_ig_017,155,746,103,563,0.02482630869670807,1.1357010854004528,1.1712910485765446,0.14733593095102837,0.2357374895216454,ok,
motif_cnn33_hiranniramol_sequence_cnn_ig_018,169,746,162,563,-0.061202672393678076,0.787301823718267,0.7250037443567195,0.9950635763954362,1.0,ok,
motif_cnn33_hiranniramol_sequence_cnn_ig_019,199,746,56,563,0.16728889185186596,2.6818508234392957,3.2937124575607206,5.695813998936196e-15,4.5566511991489565e-14,ok,
motif_cnn53_hiranniramol_sequence_cnn_ig_020,153,746,58,563,0.10207429559188377,1.990824627900527,2.2464674071058908,3.0191523061384033e-07,1.0734763755158767e-06,ok,
motif_cnn53_hiranniramol_sequence_cnn_ig_021,199,746,56,563,0.16728889185186596,2.6818508234392957,3.2937124575607206,5.695813998936196e-15,4.5566511991489565e-14,ok,
motif_cnn53_hiranniramol_sequence_cnn_ig_022,155,746,103,563,0.02482630869670807,1.1357010854004528,1.1712910485765446,0.14733593095102837,0.2357374895216454,ok,
motif_cnn73_hiranniramol_sequence_cnn_ism_023,156,746,122,563,-0.007580988480897527,0.9650156023381532,0.9557654904140039,0.6560645939004168,0.8747527918672224,ok,
motif_cnn53_hiranniramol_sequence_cnn_ig_024,119,746,38,563,0.09202186677079414,2.363376605051503,2.6221354822462857,1.5075548823905284e-07,8.040292706082818e-07,ok,
motif_cnn73_hiranniramol_sequence_cnn_ig_025,135,746,83,563,0.03354063590779005,1.227510578507058,1.2777788732672095,0.06160094569675791,0.14080216159258951,ok,
motif_cnn73_hiranniramol_sequence_cnn_ism_026,199,746,56,563,0.16728889185186596,2.6818508234392957,3.2937124575607206,5.695813998936196e-15,4.5566511991489565e-14,ok,
motif_cnn73_hiranniramol_sequence_cnn_ism_027,125,746,44,563,0.08940756860746955,2.1440104801364854,2.374286341677646,7.963730048287933e-07,1.96030278111703e-06,ok,
motif_cnn73_hiranniramol_sequence_cnn_ism_028,119,746,38,563,0.09202186677079414,2.363376605051503,2.6221354822462857,1.5075548823905284e-07,8.040292706082818e-07,ok,
motif_cnn73_hiranniramol_sequence_cnn_ism_029,44,746,81,563,-0.08489088043276398,0.4099559792142455,0.3729731630966199,0.9999999242408967,1.0,ok,
motif_cnn33_hiranniramol_sequence_cnn_ism_030,38,746,143,563,-0.20305810980052283,0.20054744183430512,0.15763897119829323,1.0,1.0,ok,
motif_cnn73_hiranniramol_sequence_cnn_ism_031,69,746,79,563,-0.04782641822103914,0.6591610954627211,0.6244227137595124,0.9972857018111737,1.0,ok,
motif_cnn73_hiranniramol_sequence_cnn_ism_032,111,746,89,563,-0.009288139467330814,0.9412446907853118,0.9309740776784924,0.7059790185929948,0.9036531437990334,ok,
