Feature,Linear_Coefficient,SE,t_stat,p_value,FDR
pos1_A,0.02326196246799555,0.049357368991707715,0.47129664613816175,0.6378815369407678,0.9358590491616017
pos1_C,0.022670571180255124,0.04865946117435125,0.46590263502968965,0.6417319194250983,0.9358590491616017
pos1_G,0.06038952307304781,0.04139495252433674,1.458861996219077,0.1459854005154455,0.6414126053429053
pos2_A,-0.01126028061677561,0.048380892337767885,-0.23274230946719074,0.8161712268025925,0.9719764250012246
pos2_C,0.012675003445314678,0.04242248009829512,0.2987803498509759,0.765380982736485,0.9708563487199345
pos2_G,-0.00839039571791872,0.04467248286920425,-0.18782022352518007,0.8511853641068372,0.9930495914579768
pos3_A,-0.05069125558083466,0.04445014401627738,-1.1404070043568773,0.2553185538338907,0.6976241291551967
pos3_C,-0.09253431786367905,0.04231299434875627,-2.186900721347766,0.02977119277360263,0.49701597387521845
pos3_G,-0.024618857248343194,0.04654453703600077,-0.5289311875484176,0.5973699934193353,0.9292422119856326
pos4_A,-0.010069086627143658,0.044009958467744636,-0.22879109587261706,0.8192372725010322,0.9719764250012246
pos4_C,0.06979397824318788,0.04604048135961652,1.515926336608771,0.1309292461713012,0.6414126053429053
pos4_G,0.09910834728388321,0.04292154670639381,2.3090581511853934,0.02183952729446159,0.49701597387521845
pos5_A,-0.05992736569131748,0.04679066345796584,-1.2807547758999598,0.20158681882205598,0.6414126053429053
pos5_C,-0.08739339318870946,0.04972488334742914,-1.7575384255421858,0.08017401975868355,0.6235757092342054
pos5_G,-0.011841045964738377,0.047230817578952075,-0.2507059282838927,0.8022682501834872,0.9719764250012246
pos6_A,0.047190608364097934,0.04468143091718072,1.0561570521671093,0.29201919334878257,0.7300479833719564
pos6_C,0.01917619517998022,0.04855317078965361,0.3949524792738469,0.6932488163645594,0.9708563487199345
pos6_G,0.08517529047896015,0.04636900164476116,1.8369015389095267,0.0675318583936404,0.5909037609443535
pos7_A,0.015651661522125455,0.049204179906367336,0.31809617703027765,0.7507044262015177,0.9708563487199345
pos7_C,0.09909471427029037,0.04684838492777904,2.1152215689623817,0.03550114099108703,0.49701597387521845
pos7_G,0.06894155219160363,0.045302501960081364,1.5218045187074212,0.12944983112299147,0.6414126053429053
pos8_A,-0.003611628972805425,0.04606579482609869,-0.0784015338591151,0.9375777193719941,1.0
pos8_C,0.04179238459560117,0.04796695367300734,0.8712745212152004,0.3845247957654947,0.8411479907370196
pos8_G,-0.001952706749159941,0.0484527714883103,-0.04030123952003551,0.9678883884755116,1.0
pos9_A,-0.006628689403614019,0.044366443127476084,-0.14940772656866153,0.8813645702651112,1.0
pos9_C,-0.05919782472472428,0.04504182042649137,-1.3142857940507893,0.19007651297172345,0.6414126053429053
pos9_G,0.01649212949401901,0.04505425939142236,0.366050396051097,0.7146683821842328,0.9708563487199345
pos10_A,-0.027395319860547183,0.047887275172879475,-0.5720793208978046,0.567834328926184,0.924381465693788
pos10_C,-0.051276216091969605,0.04474288149374643,-1.1460195316016095,0.25299373047001694,0.6976241291551967
pos10_G,-0.05323064924390465,0.04299600068303012,-1.2380372220273501,0.2169811538103612,0.6603774246402297
pos11_A,-0.033369571854016414,0.04566630222596632,-0.7307263830755742,0.4656998255310587,0.867295998726624
pos11_C,0.030912013157654305,0.04459760375696363,0.693131705598142,0.488935456122781,0.8775764597075556
pos11_G,0.049389047401421284,0.04457954261053299,1.1078859160334213,0.2690835926741473,0.6976241291551967
pos12_A,0.06077461195483991,0.04600938537379479,1.3209177097474298,0.18785884027590716,0.6414126053429053
pos12_C,0.012889861491689799,0.04460431576081358,0.2889823836960186,0.7728585939130297,0.9708563487199345
pos12_G,0.06015268681469028,0.04585914812526008,1.311683475898608,0.19095199520062112,0.6414126053429053
pos13_A,0.0631293475095623,0.04746748709243182,1.3299492215931437,0.18486974833903824,0.6414126053429053
pos13_C,0.10936297927587131,0.043973845620692384,2.4870005734592686,0.01360252568193654,0.4760883988677789
pos13_G,0.08871852156748948,0.046488856294086764,1.9083825380916974,0.05760333783630145,0.5909037609443535
pos14_A,-0.044341467404531064,0.04999550253195476,-0.8869091249995956,0.3760665021626295,0.8411479907370196
pos14_C,0.04366365531978772,0.04308535551647872,1.013422189427863,0.31193750416043065,0.7412002599361401
pos14_G,-0.056845719242687845,0.04435028033869573,-1.2817443048514354,0.20123997069650068,0.6414126053429053
pos15_A,-0.12166825487396526,0.04676081196033927,-2.6019277632980287,0.009880057046199209,0.4760883988677789
pos15_C,0.006027479731049272,0.04441781651290981,0.13569959543818225,0.8921790258607991,1.0
pos15_G,-0.0249031201570703,0.04533437153242511,-0.5493209526299159,0.5833251849289258,0.9280173396596548
pos16_A,-0.0020298085568306885,0.046790337207020055,-0.043380934568818454,0.9654360100880666,1.0
pos16_C,-0.025773769836372713,0.04313044955924292,-0.5975771201032927,0.5507177829711534,0.924381465693788
pos16_G,-0.08213436520988324,0.04467590206067524,-1.8384489494657523,0.06730280073437211,0.5909037609443535
pos17_A,-0.04978197091574326,0.049708001075461264,-1.0014880872028973,0.3176572542583458,0.7412002599361401
pos17_C,-0.01253977749072973,0.04415736054357868,-0.28397932612739124,0.7766850789759476,0.9708563487199345
pos17_G,-0.06557635807137083,0.0448271764568981,-1.4628705899963013,0.14488597319773144,0.6414126053429053
pos18_A,-0.06567970874139377,0.04628142079400365,-1.4191376931518795,0.15723052064094678,0.6414126053429053
pos18_C,0.021255503834394576,0.04316345107274648,0.492442177493434,0.6228827291968408,0.9358590491616017
pos18_G,-0.03276951599912413,0.04536463920465937,-0.7223581312150807,0.47081782788016735,0.867295998726624
pos19_A,0.006389195405346281,0.05153275853473905,0.12398318248457868,0.901438304506551,1.0
pos19_C,0.05249508662776897,0.04707205698551061,1.1152069824339235,0.26594097155690877,0.6976241291551967
pos19_G,0.017402775935318783,0.048690836645332504,0.35741377914866884,0.7211141336831535,0.9708563487199345
pos20_A,-0.041481766098079756,0.05622424161444588,-0.7377914740502558,0.46140316679313553,0.867295998726624
pos20_C,-0.084485364182948,0.04952420444822786,-1.705940865163583,0.08938684425540866,0.6257079097878606
pos20_G,0.07119133445522764,0.04952031282484694,1.4376188354671948,0.15191928719616676,0.6414126053429053
pos21_A,-0.022962060764566472,0.037396457805022106,-0.614016998195022,0.539818950861648,0.924381465693788
pos21_C,-0.03304153840204806,0.05648672428859122,-0.5849434326061911,0.5591667192445862,0.924381465693788
pos21_G,0.013483633343326334,0.04628706453062685,0.29130456813489636,0.771084399926848,0.9708563487199345
pos22_A,2.459488831842044e-21,3.162277660168379e-08,7.777586588367719e-14,0.999999999999938,1.0
pos22_C,0.0,3.162277660168379e-08,0.0,1.0,1.0
pos22_G,6434800755.437707,8660500689.622824,0.7430056282020746,0.45824651119080695,0.867295998726624
pos23_A,0.0,3.162277660168379e-08,0.0,1.0,1.0
pos23_C,0.0,3.162277660168379e-08,0.0,1.0,1.0
pos23_G,-757246275458.1895,1019166271075.9377,-0.7430056281775903,0.4582465112056011,0.867295998726624
Bias,750811474703.3826,1010505770386.3146,0.743005628178005,0.4582465112053504,0.867295998726624
