Cell line,sgRNA,Normalized efficacy
hiranniramol,CGAGTAGGGGCTGGTGACAGTGG,1.0
hiranniramol,TGTGTGGCTTTGGGGACCTGTGG,1.0
hiranniramol,AGCGCCGCGTCTACGACATCAGG,1.0
hiranniramol,CCAGGCCGGGGATACCGTTGAGG,1.0
hiranniramol,CAGAGGGCGAGGCCACACTACGG,1.0
hiranniramol,ACGGACCCAGGTGGAGAAGCGGG,1.0
hiranniramol,CAGCACGTGTTCCTAGTGGTGGG,1.0
hiranniramol,GTACAGGAAGTGAGCCGCCACGG,1.0
hiranniramol,GAGCTTATACAGGGATGTGATGG,1.0
hiranniramol,AAAAGTACCTAAGGACCCACAGG,1.0
hiranniramol,TGGCTCAATGGGTTCAGGCCGGG,1.0
hiranniramol,GAGATGAGAAAAAGAGCCTTGGG,1.0
hiranniramol,CATCCCTGGCTCAAGCGCCAAGG,1.0
hiranniramol,ACTGGCTCAGGGAAGACATTTGG,1.0
hiranniramol,AAAGAAAAAGAAGAACCCTACGG,1.0
hiranniramol,ACCAGGTCACGCTTCGCGGCTGG,1.0
hiranniramol,AAGGTGCCAAGTACGCAGTGGGG,1.0
hiranniramol,CCCAGATGAAAGAACGTTTAGGG,1.0
hiranniramol,CAGCAGTTCAGAAACCTCAAAGG,1.0
hiranniramol,TTCCTGTGAAGTAAGGACAGCGG,1.0
hiranniramol,ACCGCGATCACATGGCCCCCTGG,1.0
hiranniramol,CCCAGAGGAGCCCATCACTGTGG,1.0
hiranniramol,GGTGCAGAGAAGATCACCGGAGG,1.0
hiranniramol,GGGAATCACGATAAAGCTGCAGG,1.0
hiranniramol,CTAGAGTATGCAAAAAGAGCAGG,1.0
hiranniramol,GGCGGCCGCATCTGACATCGGGG,1.0
hiranniramol,CGAGCCCTGTATATCCATGCCGG,1.0
hiranniramol,GGGGCTGCGAATCACCCACAGGG,1.0
hiranniramol,ATTGAACGAGATGAGGCCAAGGG,1.0
hiranniramol,TTGCCTGATGACATGCACACAGG,1.0
hiranniramol,TGGATGACAATTCACTCTCCCGG,1.0
hiranniramol,CGTTACGCCATCACCATCGCCGG,1.0
hiranniramol,CAGCAGAGAGAGCTGGCAGAGGG,1.0
hiranniramol,CTCTGAGGACAAATCAGTCACGG,1.0
hiranniramol,CAACCGCCAAGCGCCGCCCGCGG,1.0
hiranniramol,TGGTTCTCCTCGCGGTGCTGCGG,1.0
hiranniramol,AAGGCCGCCTACGAGGCCGAGGG,1.0
hiranniramol,GCGGCCAGAACGCAAATCCATGG,1.0
hiranniramol,CTGCTGGAGCTCACCCGCAGAGG,1.0
hiranniramol,AGGCGTATGAGAAGCTGGATGGG,1.0
hiranniramol,TTCCTGTCCCACCTGCTGCTGGG,1.0
hiranniramol,GAGTTTGCTCAGCTCACTCTGGG,1.0
hiranniramol,TGCACCCAAACTATGGTCATGGG,1.0
hiranniramol,ACTGGAGGATAAGCGGGTGAGGG,1.0
hiranniramol,CCTGTTTCTCTACCAGAGCGGGG,1.0
hiranniramol,GCCTGGGTGGAAAGCAGACACGG,1.0
hiranniramol,TGCATCAGAAAATCCACACAGGG,1.0
hiranniramol,GTGCAGGGACAAGGAGTGCACGG,1.0
hiranniramol,TCTACACATTATCTGAAAAAGGG,1.0
hiranniramol,CTGGCCAGGCCCTGGAATGTAGG,1.0
hiranniramol,CGGGAGAATGGGCAGCTGCTGGG,1.0
hiranniramol,TAAGGATTCCACTTCTTTCAGGG,1.0
hiranniramol,ACCGGCAGCTCTGCCTGTGGGGG,1.0
hiranniramol,TCAGCAAAGACTGCAATGAACGG,1.0
hiranniramol,AAGCAGACCTGCCTGAAGACGGG,1.0
hiranniramol,AGAAGAAAAAGTGGGGCATCCGG,1.0
hiranniramol,CCAGCGCTGCTCCCTGGAGTTGG,1.0
hiranniramol,AGGCTGCTAAAAGTCAATCCAGG,1.0
hiranniramol,GTGCGCACCAGCCGCCGCCACGG,1.0
hiranniramol,CTGGCAATGGTGATGATGGATGG,1.0
hiranniramol,GTTATTCGATTTAAGAGAGCAGG,1.0
hiranniramol,TGTAATTGCTCAGAGTCTGAGGG,1.0
hiranniramol,CTGAAGGGAGAGAAAGGAGAGGG,1.0
hiranniramol,ACATCGTGCGGCAGCTGCGGCGG,1.0
hiranniramol,TGACGTGGTGGAGAAGATCGCGG,1.0
hiranniramol,GGCATGGGGATGACCTGAAACGG,1.0
hiranniramol,TGCATGTGCTACTCAATGAGAGG,1.0
hiranniramol,TTCGCGCAGGAGAGAACGTGAGG,1.0
hiranniramol,TACACAGATGGTATGTTACCAGG,1.0
hiranniramol,TGGACAGCAACAGCAGCCTCAGG,1.0
hiranniramol,GTGTCCTGGCCCAAAGCCGGCGG,1.0
hiranniramol,ACAGAAGAGGATGAAGGTGTCGG,1.0
hiranniramol,GAATGTCCATCCCCAGATACTGG,1.0
hiranniramol,GCCACCAGAAACGCTTAGCACGG,1.0
hiranniramol,CCTGGCGCCCCCGACCGTCGCGG,1.0
hiranniramol,GCCCAAGCACAGCAAGGACATGG,1.0
hiranniramol,GGGCACCGCCGAGGACAACCGGG,1.0
hiranniramol,AGTGTCCCCATGTCACCGAGCGG,1.0
hiranniramol,ATGACAACTATGGGTCCACAGGG,1.0
hiranniramol,TCCAGCGACTCTTCCAGCTCCGG,1.0
hiranniramol,TGGACCTGGCTGGGAGCGAGCGG,1.0
hiranniramol,GGTGGAGATGTACAACAGCTAGG,1.0
hiranniramol,TATGGAGGAAATCACAGCTGCGG,1.0
hiranniramol,CGGCCGGGAACCGTGGGGCGCGG,1.0
hiranniramol,CATTATGCCAAGTCAAGCCTGGG,1.0
hiranniramol,AAGGATGTTTATGTTCCAGAGGG,1.0
hiranniramol,ATGGAGGAAGAGGAATGCCAGGG,1.0
hiranniramol,TGAAGGAGAGGGCGGAGCTGGGG,1.0
hiranniramol,CATGGGCATGGACATTCTCATGG,1.0
hiranniramol,AGAAGCCTTCCGGCGCACCGAGG,1.0
hiranniramol,CCAAAGGGTAATCCAGGATATGG,1.0
hiranniramol,AGGGCAAAGAGCTCAGCAAAGGG,1.0
hiranniramol,GGAAGCCACCAGGAGTTCCAGGG,1.0
hiranniramol,CCTGGCCTCCGTGCTCAGGGCGG,1.0
hiranniramol,GAGGCATGGCTACCGAACACAGG,1.0
hiranniramol,TGAATGCCGACACTTTGAGTTGG,1.0
hiranniramol,AGCAGGGATCAGACCTGAGTGGG,1.0
hiranniramol,AGGACAGTTCAACTTCAAGCAGG,1.0
hiranniramol,GCGTTCATTGTCAATGATGGGGG,1.0
hiranniramol,TGGGAGCATTCAGCCTGTGACGG,1.0
hiranniramol,CACATGGATGCCAGTGGTGAGGG,1.0
hiranniramol,TCGACAGCATATGGCACCAGCGG,1.0
hiranniramol,GCACCGAGTGTGGAAGGGGAGGG,1.0
hiranniramol,GTTCAGGAATCGTCACCCGGCGG,1.0
hiranniramol,AGGAAGAGGACTAGAGAGCGAGG,1.0
hiranniramol,AGTGAGCCGGCCATGACCCCAGG,1.0
hiranniramol,GAAGAACATGCTGGTGAAGTTGG,1.0
hiranniramol,CTGGTCAGTATGAGATCGTGGGG,1.0
hiranniramol,ACCTAATGACAATCATTGGCTGG,1.0
hiranniramol,GCCCGTGGTGGACCCTGTTGTGG,1.0
hiranniramol,AACATGTTAGGCTATACTGATGG,1.0
hiranniramol,AGGGCTGACACCAGATGACGTGG,1.0
hiranniramol,CTCTCTCTTCCCCGGAGCAGTGG,1.0
hiranniramol,GCTGAACTGCGGAACCAGGAAGG,1.0
hiranniramol,CCCCTGGTGTCCCCTGCCCAGGG,1.0
hiranniramol,CTGGAAGTGGCAAGGACATCCGG,1.0
hiranniramol,TATTCAACAACCGCAACTGCCGG,1.0
hiranniramol,GGACGGTGTCATGGTTGGCTGGG,1.0
hiranniramol,ATGCCATCAACTTGACGCTGGGG,1.0
hiranniramol,AAATCAATTAGATACAAACGGGG,1.0
hiranniramol,TCTGCGATGGTGGGTGAAGATGG,1.0
hiranniramol,GTAGAAGTCACGGATTCTCCTGG,1.0
hiranniramol,TGGTCCTCCCGGCTCAGAGGAGG,1.0
hiranniramol,AATGGGTCCTGACAGCAGCTCGG,1.0
hiranniramol,CACAGCACTGCACCTGCAGACGG,1.0
hiranniramol,GATGTGTGCTTTTCCTACAGAGG,1.0
hiranniramol,CAAGCCCAGGCTGCAAGCACCGG,1.0
hiranniramol,CTGACGACTACATCTACCTCAGG,1.0
hiranniramol,ACACAATGATGTGTGCAGTGTGG,1.0
hiranniramol,GAAGATCGTGCAGAGCCAGGAGG,1.0
hiranniramol,ACTCTAGCCCTGGCCCTGGGGGG,1.0
hiranniramol,CTCTGAGGACTGGGAAAAAGAGG,1.0
hiranniramol,CAATCTAGATTTTAGAAGTGGGG,1.0
hiranniramol,TCAGAGATTGAGAATGTCCATGG,1.0
hiranniramol,TGCCATTGAAATCAAGCACGCGG,1.0
hiranniramol,AAAGCTGGAGGCGATTCTGGTGG,1.0
hiranniramol,ATGGAGGGTTTCGTGCTGGAGGG,1.0
hiranniramol,CCACCAGCTTACGCACACCGAGG,1.0
hiranniramol,TAGTCAGACGACAAAGAAAGCGG,1.0
hiranniramol,TGGTGCTACATACATTCGGAAGG,1.0
hiranniramol,TCAGCGCGTCCCTGGTCGGAGGG,1.0
hiranniramol,GAGCCTCCAACTATACCTGAAGG,1.0
hiranniramol,AACCTACCGGCGCATGCTAGAGG,1.0
hiranniramol,TGATGAAGCTTTCTCCCGAGGGG,1.0
hiranniramol,GAACGGAAGGGAGCCCTGCTGGG,1.0
hiranniramol,CTGCAAGGTCCAGGAGCAGCCGG,1.0
hiranniramol,GAGCCACACCTCACGTTAGAAGG,1.0
hiranniramol,ACCCTGAAATGGATTTTGGAGGG,1.0
hiranniramol,TCACATGGAAATCCTCTTCGGGG,1.0
hiranniramol,GTACTGTATTTTAAACATGGAGG,1.0
hiranniramol,CCATGAAAACTCAAATACGTGGG,1.0
hiranniramol,CCAGCACCAGAGCACGAGTGAGG,1.0
hiranniramol,GCATGCTGTGTCTGTACAATGGG,1.0
hiranniramol,ATTGTGGAGCACTGGATACGCGG,1.0
hiranniramol,GCCAGCTGATTTTGAAGTCCCGG,1.0
hiranniramol,GGATGGGGCCCCTCTGTGACCGG,1.0
hiranniramol,CTGTCTCAGCATCTCAGCCGCGG,1.0
hiranniramol,TGCCCTCGCAGTATGCCCAGCGG,1.0
hiranniramol,GGGAGCCGCTGTGAGCACTCGGG,1.0
hiranniramol,GATGGATGGTGATGAGATGACGG,1.0
hiranniramol,GGAGATGTACAAGAGCTACCTGG,1.0
hiranniramol,CCTGAATCAAGATTGGAAACTGG,1.0
hiranniramol,TGCGCCCTGGACGCCCTGCACGG,1.0
hiranniramol,GAAGGTCTGAATCTCAAGTTGGG,1.0
hiranniramol,ATGAGGCCCCAGCGGTGCTGCGG,1.0
hiranniramol,AGTTGGACAGACATCCATAGTGG,1.0
hiranniramol,ATGTCAACACCGGGAATGGGGGG,1.0
hiranniramol,TCGATGCCCAAGAGACTGTGTGG,1.0
hiranniramol,GTGACCTGAAGATCCATGGTTGG,1.0
hiranniramol,CAGGGTGTCCATGAGCTCTATGG,1.0
hiranniramol,ACGAGCCGTCCGACTGGAGCAGG,1.0
hiranniramol,AATAGTGTGGGGAAATCCACAGG,1.0
hiranniramol,CCTGGACCACCAGCGCCAGGTGG,1.0
hiranniramol,CCCGTTACATGGTGCAGCGTGGG,1.0
hiranniramol,TATGGATATTTGTAAGTCCCAGG,1.0
hiranniramol,CTCAAAACAGAGGGGAATAGGGG,1.0
hiranniramol,GCCCTAACGTGTAAACTGAAGGG,1.0
hiranniramol,CCTATTACCGTTCAGGAGAAAGG,1.0
hiranniramol,ACCAGCTGGCCTGACCACGGCGG,1.0
hiranniramol,AAGCCCCTGGGGGACTGGAGCGG,1.0
hiranniramol,GCAGGTCATCAATGGCGAGGTGG,1.0
hiranniramol,TGAAGGTGCCCTGGCTCTACGGG,1.0
hiranniramol,GGCCTCATCAATGTCTCCAACGG,1.0
hiranniramol,CGAGAGGCCGCCCGAGGCCAAGG,1.0
hiranniramol,CAGATGTGTAAGACCTACTCGGG,1.0
hiranniramol,GCTCTTATTGTGGTGGGCAGCGG,1.0
hiranniramol,ACTACACAGCCCGGATTCAGGGG,1.0
hiranniramol,CAGGCCCTGCAGCGCTACAGTGG,1.0
hiranniramol,GAGGGACGGCTGGGAGAATGTGG,1.0
hiranniramol,TAGAGACTTTGATTCTTCTGGGG,1.0
hiranniramol,GAGTCATCTTGGGCAATGAACGG,1.0
hiranniramol,AACTTCCAGAAGGTCCAGAGGGG,1.0
hiranniramol,CCGAGGAGGAGGAAGAAACTGGG,1.0
hiranniramol,GAGCGCGGACCTGGTAACGGAGG,1.0
hiranniramol,CAAAACAGGAGTCAGCCCGTAGG,1.0
hiranniramol,GCAGGGGCAGCACACCCAGCAGG,1.0
hiranniramol,TCATCCTGTCACTAGATAGAAGG,1.0
hiranniramol,CTGAAGGAACAAAGAGCCACTGG,1.0
hiranniramol,CTCATTCAGTACTGACGTGTAGG,1.0
hiranniramol,GGACAGAGGAAGAGTGTAGAAGG,1.0
hiranniramol,CTGCCCTCCTGGCCCAGTCGGGG,1.0
hiranniramol,GAGTGGGCCCAGCACGTCGGAGG,1.0
hiranniramol,GAGAACCCGATTCATATCTGGGG,1.0
hiranniramol,TGGAACTGTGGGGACTCAAGGGG,1.0
hiranniramol,CAAGGCCCTGCTCAAGAGGCCGG,1.0
hiranniramol,ACGAAGCAGGCCCTGACCAGCGG,1.0
hiranniramol,AACATTGGGAAGTCTTCGGAAGG,1.0
hiranniramol,CTATCACCGTATCCTCTCTGTGG,1.0
hiranniramol,GGATGGGTGACCCCTACAGTCGG,1.0
hiranniramol,GGCTGTCCTGGGCACAGAATTGG,1.0
hiranniramol,GACCTATAGAGAGCATTGGTAGG,1.0
hiranniramol,GCCGCCCACCTACAGCGAGGTGG,1.0
hiranniramol,TTACTGCATGACATGCTGCCCGG,1.0
hiranniramol,CCCTACCGGACCCTCTCAGGGGG,1.0
hiranniramol,TGTGGACATTGAGACAGAGATGG,1.0
hiranniramol,TAGGGGAAAACTACCGTAACAGG,1.0
hiranniramol,CCTCCTCCATGGAGAAGAGGTGG,1.0
hiranniramol,GCCGACACGCCGGAGGAGATGGG,1.0
hiranniramol,CAAGCATATTCCTGCAACCCAGG,1.0
hiranniramol,CCAGAGAAAAGCTGGCAAGAGGG,1.0
hiranniramol,AGATGTGGCAAATGACTTGGCGG,1.0
hiranniramol,AGTCCTGCGTACGGCGGCGCTGG,1.0
hiranniramol,CCAACTTTCCAGAAGGAGACCGG,1.0
hiranniramol,TCCTGGGCTCAAGTGATCCAGGG,1.0
hiranniramol,ATCCAGATGTGATTGGCCCCGGG,1.0
hiranniramol,GAGAGATTGAGGAGTGCACCAGG,1.0
hiranniramol,CAGAGAAAAGAAACTGCTAGAGG,1.0
hiranniramol,GCCAGGAATGTGCTATTCCCCGG,1.0
hiranniramol,AAACTGGCTCAAAAAACATCGGG,1.0
hiranniramol,CCGCACCCAAGCACTGGTGGGGG,1.0
hiranniramol,TCCAGGTCCTCCTGCAGCACCGG,1.0
hiranniramol,GTGGTTTACACTGGATATGGAGG,1.0
hiranniramol,TCCCCAGACATCAAGAACCGTGG,1.0
hiranniramol,TGCTCCTCGAATCTTGTGCTCGG,1.0
hiranniramol,GATTTTGATGATGCTGACCAGGG,1.0
hiranniramol,GGGAGTACGGCAAGAATTTGGGG,1.0
hiranniramol,GGCAGAGGTGATCATCCGCAAGG,1.0
hiranniramol,GTACCGGAATGGGGACCCATTGG,1.0
hiranniramol,ATGAGCATTGTGGACCCCAACGG,1.0
hiranniramol,CCCCACAGGCCCAGGTGGAGTGG,1.0
hiranniramol,CCACTATCTAGCTATGACCACGG,1.0
hiranniramol,AGTCAGCCCAGACATGTGCATGG,1.0
hiranniramol,GGCAGGAGCCAGTGGCTACAGGG,1.0
hiranniramol,GAGCACAGCAGATGAGAGTGAGG,1.0
hiranniramol,GATCCTAACAGAACTTCCGCCGG,1.0
hiranniramol,GTCACTGTGGATGCCAAGATCGG,1.0
hiranniramol,GGAGAACATCACCAACCTCCGGG,1.0
hiranniramol,AGCACTGGCCCTCATCTCTGTGG,1.0
hiranniramol,TGCCAGGACAGCACTACTGCGGG,1.0
hiranniramol,ACCTTACTCGTGCTTTCCAACGG,1.0
hiranniramol,TACCTGAAGGGGCTGCCGCGTGG,1.0
hiranniramol,GGTACCGAGAAAGACAAAAATGG,1.0
hiranniramol,AGAAAGGGTCAACAAAAGAATGG,1.0
hiranniramol,CACCACACAAAAAGCCTGGCTGG,1.0
hiranniramol,TGTTCAGTGCGACAGGACAGTGG,1.0
hiranniramol,AACAAGTGCCTTCTGAGGTCCGG,1.0
hiranniramol,GAGGCCTTATGAAGAAAACCGGG,1.0
hiranniramol,GGGTCCCTTTGGTGACGTGGGGG,1.0
hiranniramol,TCCCTGAGATAGGGCCTCAGGGG,1.0
hiranniramol,ATTTGTTGTAAGAACCGCCGGGG,1.0
hiranniramol,ACCCTGGAAAAACATTATGGAGG,1.0
hiranniramol,TCCGAGGATAAAAGGAAGACCGG,1.0
hiranniramol,AGCAGCCTCGCCGCAACCCTGGG,1.0
hiranniramol,AGGACAATTCACACTGATGTGGG,1.0
hiranniramol,GCATTCAGCTACCTGCCCCAGGG,1.0
hiranniramol,ACCGACCTGCTTCTCTGCACCGG,1.0
hiranniramol,CACCAGGTACCAGTACTGTGAGG,1.0
hiranniramol,ACATAGTGTCACAGTGGGATGGG,1.0
hiranniramol,GCATCTCCGACGCAGAGAAGGGG,1.0
hiranniramol,GATCCCCGGAGCGCCAGCGAGGG,1.0
hiranniramol,ACTTTACGAACGTTGCAGGAAGG,1.0
hiranniramol,CTGCCTCCTTTCCAGCAAGTAGG,1.0
hiranniramol,TATACCTGACTGATGGGGTCCGG,1.0
hiranniramol,CAGAGGCAGCAGGCGGATGAGGG,1.0
hiranniramol,TTGGTGACCACACAGCGGCCAGG,1.0
hiranniramol,GTTCGTATTGGCTGGTCACTAGG,1.0
hiranniramol,TGACTCAGAGATCCTCCAGATGG,1.0
hiranniramol,ATCATTACCCACATCCTACCTGG,1.0
hiranniramol,TACACAGGGCCCCTACAGCATGG,1.0
hiranniramol,TGGAAGACATAAACCTTGGGAGG,1.0
hiranniramol,GGCGGCGGGGACAAGGCGGTGGG,1.0
hiranniramol,CTAGGATGTATGGTGTAGGTGGG,1.0
hiranniramol,CGTCAAGAAGCCCCCGCCCGGGG,1.0
hiranniramol,TTTGGTGTGCCGGACTCTGGGGG,1.0
hiranniramol,CTACGGCTCCAGGGACACCCTGG,1.0
hiranniramol,AGACACCAACAAGATTGAGGAGG,1.0
hiranniramol,CAACAGTGAGACCAGTGATGGGG,1.0
hiranniramol,AAAGAAGTTCTCCATCCAGAGGG,1.0
hiranniramol,CAGTACAGAGGCACAGAAGCAGG,1.0
hiranniramol,AAGATAGCACGATCTTGTCAGGG,1.0
hiranniramol,CAATCACACCACCTTCCCTAAGG,1.0
hiranniramol,GCGGTGCATGGCTGCCCTCAGGG,1.0
hiranniramol,CAGCTGCAGCCCTGGCCCAGAGG,1.0
hiranniramol,GACACCGTCCGCGCCGTGGATGG,1.0
hiranniramol,TAGCCCAGTATCCTGGGAATGGG,1.0
hiranniramol,ACGAGAAGAGGAACCACATCTGG,1.0
hiranniramol,CAGAGAACGCACACTGGGGAGGG,1.0
hiranniramol,AAAAATATCCAACCACGGGAGGG,1.0
hiranniramol,AAATTGGGCTCTGTGAGTCAGGG,1.0
hiranniramol,GACTGCAACCTGGACAGAGCCGG,1.0
hiranniramol,CTGCTGTGCAATGTGTCAGGGGG,1.0
hiranniramol,CCCACCCACAAATGCCATGGGGG,1.0
hiranniramol,GCTCTCAGGGGAGCACTTGGCGG,1.0
hiranniramol,CGCTTAGAAGGCACAAATGTCGG,1.0
hiranniramol,GTTCTGCATCGGGTCACCATTGG,1.0
hiranniramol,AGAAGATCTTCAACACCACGCGG,1.0
hiranniramol,ATCCTGTAAAAACCTCCCGGAGG,1.0
hiranniramol,AAGCCAAAATCAAAGAGGTGAGG,1.0
hiranniramol,CCCAAAGACAGATATAGTTGCGG,1.0
hiranniramol,CAAGGACCAGCAGCTGCCCGGGG,1.0
hiranniramol,ACTGCAGACAATTCCTGAAGAGG,1.0
hiranniramol,TGGGCAGCGTTGGCCAGCTGGGG,1.0
hiranniramol,GTCTGGTGCTGGGCTACATGGGG,1.0
hiranniramol,AGAAGCACGTGTTTGAGCAGGGG,1.0
hiranniramol,CCTTGCGGCTACGTGTGCTGGGG,1.0
hiranniramol,TCTTCACTCCCGGCAACCTAGGG,1.0
hiranniramol,CATGGTGAAGATTCGTCCCTTGG,1.0
hiranniramol,CAGCGGCCAGAGCCTCAGTGAGG,1.0
hiranniramol,AGTCCTAGAGGGACATGAAGAGG,1.0
hiranniramol,GAGGGGGTAGACGAGTCAGAAGG,1.0
hiranniramol,TCTTCAGTTCGTGTGTGGAGAGG,1.0
hiranniramol,GTGCCTTCACCACAGTCCAAGGG,1.0
hiranniramol,TAGAATTGGACACAGAAAGGGGG,1.0
hiranniramol,ATTTAACGAGTATGTAGAAGTGG,1.0
hiranniramol,AGAGAGGAAAACTCTCCGACGGG,1.0
hiranniramol,GTGAGACTATTCTTGCTGTGGGG,1.0
hiranniramol,TCACCCAGAACTACATGACATGG,1.0
hiranniramol,GACTGATCGACCCTCAGGTGGGG,1.0
hiranniramol,AAGGCCCGTGAGCAGCTCATCGG,1.0
hiranniramol,CCCCTGTGAGAGTGGCAACTTGG,1.0
hiranniramol,TAAGTGAAGAGTCATACAAAGGG,1.0
hiranniramol,GGACCAGAATGATCTACGGAAGG,1.0
hiranniramol,AGGGGACATGCCGGTGGTTCTGG,1.0
hiranniramol,GTCATCATTGGCTCTCGCAAGGG,1.0
hiranniramol,GTTGGAATTTGAAGAAGCTCTGG,1.0
hiranniramol,TGCTGGGCCTGAGGCTACAGCGG,1.0
hiranniramol,ACGCGCAGACGGTGGTCTGGGGG,1.0
hiranniramol,GGTGAGGCAGAGAGCAAGGCCGG,1.0
hiranniramol,CAGATGCTGGACTTGAAAAGCGG,1.0
hiranniramol,GTTGCTTCTGGCGGCCCTGGTGG,1.0
hiranniramol,AACCAGTGATCCAGCAAGGGAGG,1.0
hiranniramol,AATATCTGCTCCATGTAGGAGGG,1.0
hiranniramol,CCTCTCTCAGGAATGCCACAAGG,1.0
hiranniramol,ATTTCAGGAAGCCTTGTGGACGG,1.0
hiranniramol,ACCGGTTTCAGGCTGAAGGCTGG,1.0
hiranniramol,TGCGGGCTGCAGCTATGTGAGGG,1.0
hiranniramol,CAGATGGTTGAAGACACCCTCGG,1.0
hiranniramol,TCAGTGAGATGCCCTGGCTCGGG,1.0
hiranniramol,ACCCCTTCCTACTACACCACTGG,1.0
hiranniramol,CTTGGAGCGTATGGAGGACTTGG,1.0
hiranniramol,TCCAGGACTTGGAAGACAAGAGG,1.0
hiranniramol,CCGCAGAGGGCCTGGAAGAGGGG,1.0
hiranniramol,GCCTCCAAGTCACCGGGAAGTGG,1.0
hiranniramol,TGGCATGTTTCACGGCGAGGGGG,1.0
hiranniramol,CCGGCCTCCAGTATGCCGCCAGG,1.0
hiranniramol,GGTCCACTTCATGGAGCTCTGGG,1.0
hiranniramol,TTTCACAGGGGAGTTGGAGCCGG,1.0
hiranniramol,CGGGGGCCTGAACTGGGAGATGG,1.0
hiranniramol,ACCTGCCACCACATCACTGGCGG,1.0
hiranniramol,ATGTTGGGTTTGCATATTTGAGG,1.0
hiranniramol,ACAAACATCACCTAAAAGAGCGG,1.0
hiranniramol,CTGGTGCCACCCCTGCTGAGCGG,1.0
hiranniramol,GATGGCACCCCGGCCCCAGGCGG,1.0
hiranniramol,CCGTTGACAAGTATCTCGAGAGG,1.0
hiranniramol,GAAGCCCAACGCCACGCTGGAGG,1.0
hiranniramol,AAGAAGGGAAAGGAATGGTGCGG,1.0
hiranniramol,CAGTGAAGATGATCAGGCAGGGG,1.0
hiranniramol,GGTTCCATACCAATGCAGGCAGG,1.0
hiranniramol,CCCAGGGTGCCCCCAGGCTCCGG,1.0
hiranniramol,GCTTTGCCCGGCTCTCCGAGCGG,1.0
hiranniramol,TGACGGCAGGATTGGGTCAGTGG,1.0
hiranniramol,GGCAGGAGATTGAAGCAGAGAGG,1.0
hiranniramol,ATTCATGAAGGCCCTGCATCAGG,1.0
hiranniramol,TCAACGAGAAGGAGGCCCAGCGG,1.0
hiranniramol,TCTGAAGAGAGCAGGAACAAGGG,1.0
hiranniramol,GTGCGACCCTTACCGCGAGGGGG,1.0
hiranniramol,TCGGTGCACAGACTGCAACCGGG,1.0
hiranniramol,GACGACTGGAAGGCCATTCTGGG,1.0
hiranniramol,GTGCTGTTAAAGAACACTGACGG,1.0
hiranniramol,ATGTTAATCGGGCAACACAAAGG,1.0
hiranniramol,ATATTTATCAGTTCAGTTGCCGG,1.0
hiranniramol,CCTTTGCTCTTCCAGACCCATGG,1.0
hiranniramol,TGAGTTTGGATACAGCTGGAAGG,1.0
hiranniramol,TGGACGCCTATGAGGCCGAGGGG,1.0
hiranniramol,GCAGCAGCTTATTCATGTGATGG,1.0
hiranniramol,ACAAGTAATCATGGAGGCTGTGG,1.0
hiranniramol,TCAGTGGCCCTGGCAGGTCAGGG,1.0
hiranniramol,TTAATCCAGAGAGAGCCAACCGG,1.0
hiranniramol,ACGTATTGCTTCGTGGTGGACGG,1.0
hiranniramol,ATAGAGCTGAGGAAGTGGCTGGG,1.0
hiranniramol,ACAATGTACATGGGGATCAGGGG,1.0
hiranniramol,ATCATGCCCAGAAAGGGGGTTGG,1.0
hiranniramol,TTGAAAGACTCGGAATATGGTGG,1.0
hiranniramol,AACCACCCAGAAACATCACCAGG,1.0
hiranniramol,ATTCTGTAAGGTGTACACCATGG,1.0
hiranniramol,CAGCACTGAACAACATAGCAGGG,1.0
hiranniramol,GAGACTCCCATGGCCCCTGTGGG,1.0
hiranniramol,TCCTGAGAACCACAACGCGGGGG,1.0
hiranniramol,ATTAAACAAAATGGGACCCAAGG,1.0
hiranniramol,CCCAACGGGAACTTGGTGGATGG,1.0
hiranniramol,TCAGAAGAAGTCTTTGATGCCGG,1.0
hiranniramol,GAAGACGAATTTGACTTGGATGG,1.0
hiranniramol,ACAGAAGCCCTAGACCGTGTGGG,1.0
hiranniramol,TGGCATCCCCGAGCCGCCAGAGG,1.0
hiranniramol,CCAGTTGGGGATGGAGATTTTGG,1.0
hiranniramol,CTTCACCAGCGTGCGGCAGAAGG,1.0
hiranniramol,GACAGCTGAGAAGTGGCAGGAGG,1.0
hiranniramol,GAGGAGCTGGAACCATGGCAGGG,1.0
hiranniramol,TGTGGCGTACCAGTCACTGAGGG,1.0
hiranniramol,AAGATGGGCAGCATCCGGCACGG,1.0
hiranniramol,CCAGGCACGCTGATGCACTCTGG,1.0
hiranniramol,GAGGCCCAGGTGGAGAGGGCCGG,1.0
hiranniramol,ACTTGGAGCTGGAGGATGATGGG,1.0
hiranniramol,ACAGACCTGGACCGCTCCCGGGG,1.0
hiranniramol,ATATTCCAGTGGCTCCGACAGGG,1.0
hiranniramol,ACCTCCAGGTGAAGGTGCTGAGG,1.0
hiranniramol,CAGTGCCTGCAGATGAGCAGAGG,1.0
hiranniramol,GAGGTGGAGACAGCCCAAGGGGG,1.0
hiranniramol,TGAGGAGGGAAATCTGGACATGG,1.0
hiranniramol,TCATCTGGGAGGAGGCCCACGGG,1.0
hiranniramol,CAGTGTGAAGCCATTGTTGGAGG,1.0
hiranniramol,CAATGATTGATCTTTACCCAAGG,1.0
hiranniramol,CCGAGCGTAAGAAGCCTCTGGGG,1.0
hiranniramol,GAGTGACATGGACATCAACGCGG,1.0
hiranniramol,CTATGTCCCCAACCCAAAGATGG,1.0
hiranniramol,TTACATGACGCCTGAGCAGAGGG,1.0
hiranniramol,CAGACAATGGTGTGTACAGAAGG,1.0
hiranniramol,GAACCGGGCTCTGAAACCTCTGG,1.0
hiranniramol,GCAGACCATCGCGCACCAGCAGG,1.0
hiranniramol,CAGACAGAAGACGATCAGCTGGG,1.0
hiranniramol,AGAAGACAAAAGAAGCTCAACGG,1.0
hiranniramol,CCAGGGCAGCATCTCCCAGGAGG,1.0
hiranniramol,GTGAGAGCAGTGTGGACCGGCGG,1.0
hiranniramol,GTTCTCGCATCTGTGACCAGTGG,1.0
hiranniramol,CCTACAGAAGCCGTGCAAAGAGG,1.0
hiranniramol,AGAGCCCAGCCTCAGCAGGATGG,1.0
hiranniramol,CGGGTGCTGCTGGGCTCGAGGGG,1.0
hiranniramol,TATTGCGCCCGAAATGGAGTCGG,1.0
hiranniramol,AGCTCTATCTAAGGACCTACCGG,1.0
hiranniramol,CTAATGTGGAGTTTAGGAGCCGG,1.0
hiranniramol,GGTGCCCTACATCTTCCGGGAGG,1.0
hiranniramol,CAGCCCTGGACACAAGTCTGTGG,1.0
hiranniramol,GGAACCCATCCCCTACCGCACGG,1.0
hiranniramol,GTGCAGGAGCTCCAGAAGCGCGG,1.0
hiranniramol,TGGGACCAGTTCCTGGGTGAGGG,1.0
hiranniramol,ACCGGTCCAACAACAGTGAATGG,1.0
hiranniramol,ACCGAGGGCCGCATTCCCAGGGG,1.0
hiranniramol,AGGTGGCAGAGAGCGGCAGCCGG,1.0
hiranniramol,GAGGCAGATGACAATGGCTGCGG,1.0
hiranniramol,TTGGCCCTGGGTATGTCGGGGGG,1.0
hiranniramol,TTGTGATGGATGCTCATTCCTGG,1.0
hiranniramol,GCTTCTAATAACCAGTGTGAAGG,1.0
hiranniramol,CGAGAACCTCCTGGACAGTGAGG,1.0
hiranniramol,GTATCCCGAGCTCTTGCCCAGGG,1.0
hiranniramol,ATAGAATTCTCATTGGCAGAGGG,1.0
hiranniramol,GACCCTGTCTGACTACGAGGTGG,1.0
hiranniramol,TCAGGAAAACCTGCTACAAGAGG,1.0
hiranniramol,GCAAGGGGGCCACATATACGTGG,1.0
hiranniramol,CGGCCTGGGGACCTGAGTGTGGG,1.0
hiranniramol,AATCTGAGGCGGGAAGCAGAGGG,1.0
hiranniramol,AGCCGAGGAGAGCCTGCGGAGGG,1.0
hiranniramol,CTGTACCTCCCGATGCTGTGCGG,1.0
hiranniramol,CAAGGGGCTTCCTTCCTGGGGGG,1.0
hiranniramol,GTCCTTAAGTGTATACATACGGG,1.0
hiranniramol,AGAACAAATGGTGGCAAGATGGG,1.0
hiranniramol,TGGAGAAGTTGACCCGCTTCCGG,1.0
hiranniramol,TTAGAGGAAGATGCAGGCTGGGG,1.0
hiranniramol,CTCAACGACTCCACCTATGACGG,1.0
hiranniramol,TTCCTGGCACAGACCAATGGCGG,1.0
hiranniramol,CGGAGCCGCACGAGGAGCAGTGG,1.0
hiranniramol,GAGAGCTTCGAGAAGCGGCCGGG,1.0
hiranniramol,TTCCTAACATCAAGGACAGGGGG,1.0
hiranniramol,TGATATTGTAGACCGAGCAAAGG,1.0
hiranniramol,AGGTTTTGGGAATGCGAAGGGGG,1.0
hiranniramol,GCGGGAACTCCTTTTCAGGAGGG,1.0
hiranniramol,GCACAGCAACCACTACTACCAGG,1.0
hiranniramol,AGCCCGAGCAGCAGGCGCGGAGG,1.0
hiranniramol,ACGACGAGAGCCTCCTGCGGAGG,1.0
hiranniramol,GCCGCAGCTCGCACCTGCTGCGG,1.0
hiranniramol,TCAGTATTATCGGGCTCCAGAGG,1.0
hiranniramol,AGAAGCTAAATCCCACTGGGGGG,1.0
hiranniramol,GACTGTCGTAGGGATCCTCAAGG,1.0
hiranniramol,AGGCAAAGCCGGAGCCCGTGTGG,1.0
hiranniramol,ATTAATAATCTGAAACCAGGAGG,1.0
hiranniramol,TGGGAAGCTGTTGTTGGATCAGG,1.0
hiranniramol,TTCCTTCCTGGCCCTCCCAGGGG,1.0
hiranniramol,GGTGGGCAGTGTGACAGAATCGG,1.0
hiranniramol,ATTTAAACGAGATAGACCTCCGG,1.0
hiranniramol,GAGGACAGGGGTGGAGCCAGGGG,1.0
hiranniramol,AGCGCCAGAAGTGTCGTTGGCGG,1.0
hiranniramol,CTGTGTGGCCACCCATTCCAGGG,1.0
hiranniramol,GTTCTGGACAAAGTGTGTGAAGG,1.0
hiranniramol,CCAGGTTGAAATGGGAGAGGAGG,1.0
hiranniramol,GTTGATTGGGTGTACAAGACCGG,1.0
hiranniramol,AATAACTTGACTCAGTCTGGAGG,1.0
hiranniramol,AGAAAGGGAAAAGGTGCTGTGGG,1.0
hiranniramol,ACACCAGTGCATTCTGGATCTGG,1.0
hiranniramol,AAAATTCGTGACCTGATTGCCGG,1.0
hiranniramol,AGCAGCGTGGTCCGCACTGTGGG,1.0
hiranniramol,ACCTGCTCATCCAGAGGGGCCGG,1.0
hiranniramol,CCGCGCACGCCCAGATGCCGAGG,1.0
hiranniramol,AGGACACACTTGGATGAGAAGGG,1.0
hiranniramol,GAAGGCTGCTTACTATGAAAAGG,1.0
hiranniramol,GCTCTGGCCACAGCTTGTGGGGG,1.0
hiranniramol,CTCCGTGAGGCCGATACGGAGGG,1.0
hiranniramol,GGCAGAGGCCAGCACCCCGGCGG,1.0
hiranniramol,TGTTGCTGAAACTTCCTGGACGG,1.0
hiranniramol,CGTCCTCCAGCCCCGAGGCCGGG,1.0
hiranniramol,ATCAAGCCCAAATCTGCTCCAGG,1.0
hiranniramol,GTGGACACACCCTGCAATGAGGG,1.0
hiranniramol,CTAATTGACTTGGAGAAGCGAGG,1.0
hiranniramol,GCTGAAAGAAGAAATGGAAACGG,1.0
hiranniramol,GCAGTGATGATATTCGGCAGAGG,1.0
hiranniramol,GAGAACAGAAAGGAGATGGAGGG,1.0
hiranniramol,GGACACCAATAGGAAGCAGCGGG,1.0
hiranniramol,CGACTGTTCGAACGAGCACCAGG,1.0
hiranniramol,GAAGGAGAAAACTTTCTGTGTGG,1.0
hiranniramol,TCGGCTCCAAGTCTGACCCACGG,1.0
hiranniramol,ATGTCTTATCAAGAGCAAACCGG,1.0
hiranniramol,GAATTCAGATATGGAGTGAAAGG,1.0
hiranniramol,AGAAACTGGATCTATACACTGGG,1.0
hiranniramol,GAAGATACAGAACGTGCCAACGG,1.0
hiranniramol,GACATCACAGGAACAACTCCTGG,1.0
hiranniramol,GCCAGAACCGGACCCCGTGCGGG,1.0
hiranniramol,ACCCCGCCGCCGTCAAAAAGCGG,1.0
hiranniramol,CCAGAGTCCTCCTGTCCCTGTGG,1.0
hiranniramol,CAAGCAGCAGCGCCTGAACCGGG,1.0
hiranniramol,TGATAACAAAAGCTCGTCTTTGG,1.0
hiranniramol,CTGACGTCCGTGCTGGGCGCTGG,1.0
hiranniramol,GCTGTGTGCAAAGACGTGCGCGG,1.0
hiranniramol,TGCCGAGCGTGGGCCACCTGAGG,1.0
hiranniramol,CAGAGGTGGCCAATAAGTTCGGG,1.0
hiranniramol,GGCCTCGGAGAACGAGGAAGAGG,1.0
hiranniramol,TGTTGCAGCAGGAAAAGAGGTGG,1.0
hiranniramol,GCAGCCTCCCAATGCCAGCGGGG,1.0
hiranniramol,GCTCCTCATATACCTTCTACCGG,1.0
hiranniramol,AAGACTTGGCATGGAAGCATGGG,1.0
hiranniramol,GCAACTCAGTGGCTACCAAGCGG,1.0
hiranniramol,GCCTCCCGGACGTAAAGGTGAGG,1.0
hiranniramol,GTGTGACCTGCTGAAGCTGTCGG,1.0
hiranniramol,GGACCCCTCACGCCTCGTTGGGG,1.0
hiranniramol,ATGGGGTTTCTTTCTCTCCGCGG,1.0
hiranniramol,ACGAAACATCACTATTGCTAAGG,1.0
hiranniramol,GTGAGAACCGCATGAATCCCCGG,1.0
hiranniramol,GCGGGAGGCCCTCTCCGCAGAGG,1.0
hiranniramol,CCCTGCCACTGGGAAGACGGTGG,1.0
hiranniramol,CTGCAGTCAGGACAGCTCAGTGG,1.0
hiranniramol,AAGTTACACAAAAATCTGCGAGG,1.0
hiranniramol,CGACCATTGGCCTAACAAAGAGG,1.0
hiranniramol,CCCCAGCACCCTCCAGCTCCCGG,1.0
hiranniramol,CTCCTCGGGCTCCCACGTGGAGG,1.0
hiranniramol,GAATGGGTGGCTCCAGAGAAAGG,1.0
hiranniramol,TGGACAGTCTCAAAAGACAAAGG,1.0
hiranniramol,TTTGCTGGACAGATCAATGGCGG,1.0
hiranniramol,TTCACGCTCAGAGACAGCTGCGG,1.0
hiranniramol,AAGGGGTGCTGTGCTGCAGCAGG,1.0
hiranniramol,CCTGGCAGCATCACCGCTGTGGG,1.0
hiranniramol,AAGGCAGCAAAGAAGAAGAAAGG,1.0
hiranniramol,GACAGCCAGGAGCTGCTTCGCGG,1.0
hiranniramol,CAGTCCTGGGGAAGACGTGCTGG,1.0
hiranniramol,CTACCTGAGCTACATGGCGGTGG,1.0
hiranniramol,CAGGAGGTTGCCACCAACGCCGG,1.0
hiranniramol,TTGAGGAAAGTGAAGTTCCAGGG,1.0
hiranniramol,GGTGAGGGACCGCTTGGACCGGG,1.0
hiranniramol,CATGCACTGCCAGCTGTGAAGGG,1.0
hiranniramol,AGCCTGGTGGGGGCAATCGGCGG,1.0
hiranniramol,ATGGGCTTGCTGTTTGCGATAGG,1.0
hiranniramol,CAGTGCCCATTCCACACCAGTGG,1.0
hiranniramol,AGCATCGAGTCCGAGGCAAAAGG,1.0
hiranniramol,AGCTCAGGTGGAGAAAGTGCCGG,1.0
hiranniramol,CAGGAGCTCCTGGAGAAGATTGG,1.0
hiranniramol,GCAGGAGAGAACGTGACCTTGGG,1.0
hiranniramol,CCTTCTGCTGGTGCCCAGAGCGG,1.0
hiranniramol,TGTTGGAAAAAGCAGCAGAGTGG,1.0
hiranniramol,CTGTGCAGCTGCCGGACAGAGGG,1.0
hiranniramol,ACATCGGGGAGGAGATAGACGGG,1.0
hiranniramol,GTGGTGCAGTATGGTGCGGCTGG,1.0
hiranniramol,AACAAGGACATGACCAAAAGGGG,1.0
hiranniramol,AATTTGGAATCTATAGACCCGGG,1.0
hiranniramol,TCTTACGCACGCAAAAAGTTGGG,1.0
hiranniramol,GGTATCAAAGATGCAAGGAAGGG,1.0
hiranniramol,CTCCTCCACTGCGCAAGACTGGG,1.0
hiranniramol,TTGGTTTGGGCCAAGATGGAGGG,1.0
hiranniramol,AAGCCAGTTACTGTCTTTGGAGG,1.0
hiranniramol,AGTGATCTTCGGCTTGACATCGG,1.0
hiranniramol,GTGCACGTTGAAAGAAAGCGCGG,1.0
hiranniramol,AAAAGCCTTAGCCTGGGTGAAGG,1.0
hiranniramol,AGCCAGTTCCATGGCACTGGCGG,1.0
hiranniramol,ATTCGACCCCCTGAAAACCCTGG,1.0
hiranniramol,CATGGAGCAGCGGCTGCCGCCGG,1.0
hiranniramol,CAATGACCACAGCTATGGCTGGG,1.0
hiranniramol,CTCTGACCCAGAAAGAAGAGCGG,1.0
hiranniramol,CCTGCAGCGGAGTGCGCTCGTGG,1.0
hiranniramol,CAGGCCAGCCCATCAGATCCCGG,1.0
hiranniramol,ATTAAGAGTCCTGAAGACCACGG,1.0
hiranniramol,CAAATGGGGTGGAATCTAAATGG,1.0
hiranniramol,ACGGGCGCTACAGCGGCAAGAGG,1.0
hiranniramol,AGCTTCTGAGGGCCATGCCAGGG,1.0
hiranniramol,CCAGAGGACGCGGGCTCTGAGGG,1.0
hiranniramol,CCCTTGGCCATGCATCAGAGAGG,1.0
hiranniramol,GCTAAAGATCGTAATGACTTGGG,1.0
hiranniramol,GACCAAGACTGTGGAGTTGGTGG,1.0
hiranniramol,CGGTCCCTGCAGGCGGCCTGGGG,1.0
hiranniramol,TGTTTGTTAACTCACAGTGGAGG,1.0
hiranniramol,CCTGCGGAAGAACCCCAAAGGGG,1.0
hiranniramol,CCCGTGGAGCACCTGGAGGAGGG,1.0
hiranniramol,CACTCCTATTATGAAAACAAAGG,1.0
hiranniramol,TGATGGATGAGGACGTCCGGAGG,1.0
hiranniramol,ATATAGCCCAAGATGCGCCGGGG,1.0
hiranniramol,TGTGTCCTGCAGGAAGAGCGGGG,1.0
hiranniramol,CTTACCATGATGTGAAAGAGAGG,1.0
hiranniramol,AGAAAAAAGAGTGAATGTGCCGG,1.0
hiranniramol,GCTGGCTCCTGCTCACCAGAAGG,1.0
hiranniramol,GGAACTGCTGAAAGAATATGGGG,1.0
hiranniramol,AGTGGGCAAGAACTTCCCGCCGG,1.0
hiranniramol,CTGGCTGCCATCCCCAAGGACGG,1.0
hiranniramol,TTGCTGGAGGCGGAGTTGGAGGG,1.0
hiranniramol,ATCTCTGGTATCTCCGCTTGCGG,1.0
hiranniramol,TGACACACGAGGAGATGGAGTGG,1.0
hiranniramol,TCGTTGGCCCAGATGGTGAGCGG,1.0
hiranniramol,GTGTCGAGCAAATAAACAGAAGG,1.0
hiranniramol,CCTCTCTGCTGCTGTCACCCAGG,1.0
hiranniramol,GTGGTTTATGGTGATTGCATTGG,1.0
hiranniramol,AGGAGGAGGTGGGCGCCGTGGGG,1.0
hiranniramol,GCCACTGGACTCCAGTACCCCGG,1.0
hiranniramol,CCCTCAGAAGGTACTACCTGAGG,1.0
hiranniramol,TCAGGCTCTGACGGCCATCGTGG,1.0
hiranniramol,CTGCCCACACTGATCACTTGCGG,1.0
hiranniramol,GCTGAGAGCAGCAGCGACGGCGG,1.0
hiranniramol,GCAGCAAGACTGTGTGTGGACGG,1.0
hiranniramol,TCCAAGTTCCAGTTTGTGGCCGG,1.0
hiranniramol,AGTCTTGGTCCTCTATGACACGG,1.0
hiranniramol,ATTAAAATAGCCCAAAAATGCGG,1.0
hiranniramol,GAGCAGAACTACTCCCCTGGGGG,1.0
hiranniramol,TTCGACAAGGTGTACACCACGGG,1.0
hiranniramol,CCATGTGGAAAGCTTGCAGGAGG,1.0
hiranniramol,TGCCACTCTTCAACATCCTGGGG,1.0
hiranniramol,TGCATGATCTACCAGTACGGCGG,1.0
hiranniramol,CTCCTTCCTCCTGCTACTGATGG,1.0
hiranniramol,GAGCAGAAGGCCCGGAAGTTTGG,1.0
hiranniramol,GAGAAACTTAATGATGCACTTGG,1.0
hiranniramol,TGTTTTGCATCACATTACCTGGG,1.0
hiranniramol,GGTTCCATATGACATCTTCACGG,1.0
hiranniramol,CACCAGCGCCCTCTGCCCCCCGG,1.0
hiranniramol,GGCGACGGCGGCTTCTGCATCGG,1.0
hiranniramol,AATCAGCCATATTATATGCAGGG,1.0
hiranniramol,GCTGTTGAGGGAATTTCCTGAGG,1.0
hiranniramol,GTGCAGCCGGCTACAACCTCAGG,1.0
hiranniramol,ATGGACCGGCCCTGGAGGAGGGG,1.0
hiranniramol,AAAGTACTAAACCCTGAGCTCGG,1.0
hiranniramol,GAGCGATCCCCTCCTTTAAGCGG,1.0
hiranniramol,GCACGGAGGAGCTGGAGAACGGG,1.0
hiranniramol,TTGAGGGGCCCACCATATTGGGG,1.0
hiranniramol,GTGGCAGCGGAGGAGGTCGCCGG,1.0
hiranniramol,TCCAGGAAAGCAGTCCTTCCTGG,1.0
hiranniramol,AAGATCAGAGCTATTTATGCAGG,1.0
hiranniramol,AGCTCGACGGGTCCAGACCGGGG,1.0
hiranniramol,TCCGCCCACCACCTAGGGGAAGG,1.0
hiranniramol,TTCTGTGCCCTATATGATTTGGG,1.0
hiranniramol,CATCCGGGCCAGCCAGAGCTCGG,1.0
hiranniramol,TCTAACAGAAGAAAAGGAGAAGG,1.0
hiranniramol,TGACTTCCTTATCCTTGCCTGGG,1.0
hiranniramol,GAATTTGTAAGTGTCTGGGTTGG,1.0
hiranniramol,AATGGGGTCAGTGTGGAGAAGGG,1.0
hiranniramol,TCTTCCGGAGCTGCCGTGCATGG,1.0
hiranniramol,ACCTGGTGCAGAGCGCCGTCTGG,1.0
hiranniramol,TTCCCAAGAGTGAGAGAAAGGGG,1.0
hiranniramol,GTGAGAATGGTCATGCTGCCGGG,1.0
hiranniramol,CAGTGAGCATGACCACCGTGGGG,1.0
hiranniramol,ACCCCGGAGCTCAGGCCCACCGG,1.0
hiranniramol,GCCCTGGACAACAGCCGTGTGGG,1.0
hiranniramol,GGATGATGGTGGCAGCCGCTGGG,1.0
hiranniramol,TCCTCCTTCTAGCCCTAGCATGG,1.0
hiranniramol,TGGCTTGCCCTTTCTTCCGGGGG,1.0
hiranniramol,TACTGTGACTTCTCCCCACAAGG,1.0
hiranniramol,ATTTGGAAGTTACTGTTGGAGGG,1.0
hiranniramol,GGTCACAGATGTGAGCCTTGAGG,1.0
hiranniramol,GATGTCTCAGGTTATTAAGGAGG,1.0
hiranniramol,GTTATTTCCGTGGACCCCGAAGG,1.0
hiranniramol,AACACTACCACTGCCCCTGCCGG,1.0
hiranniramol,AGCACAAGGCTGCCCAGGTCGGG,1.0
hiranniramol,TGAGGATGAAGAAGAGATCGAGG,1.0
hiranniramol,TGAGGAGTGTGAGGAGCATGCGG,1.0
hiranniramol,GGCTCTCCAGGAGACCAGAGAGG,1.0
hiranniramol,CGAGCCTGACTCCTCCCAAAAGG,1.0
hiranniramol,TCTGCTCAGACAAGACTGGTAGG,1.0
hiranniramol,TCCCGGAGCGCGCCTTCCGGGGG,1.0
hiranniramol,GAATGCAGCCCTGGGTCCCAGGG,1.0
hiranniramol,TCATTGATGACTTTGTGCAGTGG,1.0
hiranniramol,ACAGCGGTTGAGGTCTCTGGAGG,1.0
hiranniramol,GGGAGAACCCAGGCAACTGCAGG,1.0
hiranniramol,CTGAAGGTACTTCATCTGGTCGG,1.0
hiranniramol,GAATATGGCTCTGACCATGAGGG,1.0
hiranniramol,TAAGTTCTGAGTGTGACCGAGGG,1.0
hiranniramol,GACATGAATAAAGACCAGATCGG,1.0
hiranniramol,GCCACACGGCAGCTGCTCAGCGG,1.0
hiranniramol,TGCGATGGGTGAACTACCATCGG,1.0
hiranniramol,TGCGCCAGGGGATTATCGACAGG,1.0
hiranniramol,GTTCTGTGGGTCTCAGCAGATGG,1.0
hiranniramol,CGTGCAGAAGTATGGCTACACGG,1.0
hiranniramol,CATGTGGATGCCCTGCGCATGGG,1.0
hiranniramol,CAGCCCTCAAGCATCCCACCCGG,1.0
hiranniramol,GCTGTGCCCAGGGGGGCAGCTGG,1.0
hiranniramol,GATCCTGCTTCAGTGGACAAAGG,1.0
hiranniramol,CCATCATCCCCCGCTGTGTGCGG,1.0
hiranniramol,GGGTCCTGCTGTCCCTGTGCCGG,1.0
hiranniramol,CCAAAGGCCACTACACAGAGGGG,1.0
hiranniramol,TCGACTGTACAAGTGGTTACCGG,1.0
hiranniramol,GTCAATTGGAAGGTTAACGATGG,1.0
hiranniramol,CGGGTTGTCTTGGAGGAGAAGGG,1.0
hiranniramol,CAAGCGAGTGGATGTCCCCACGG,1.0
hiranniramol,GAGCCCCAGTTCAACCACCATGG,1.0
hiranniramol,GAGACTGACAGTGATGCTGATGG,1.0
hiranniramol,GCCAGACTTGTCCATGCAGATGG,1.0
hiranniramol,AGCCTGGACCTTACCCGCATCGG,1.0
hiranniramol,GGAGTCCTTGCAAATGCGCTTGG,1.0
hiranniramol,GAGAAAAGGGAGAAAAGGTGAGG,1.0
hiranniramol,GCCCGGATGCCCAAGGGCACCGG,1.0
hiranniramol,TTTGGGGAGTCTGAGGCCAATGG,1.0
hiranniramol,ACTCACCTGGGTGGGGAGGACGG,1.0
hiranniramol,TTTTATCCGGGAGTTCATTGCGG,1.0
hiranniramol,CCCTGGCTCCCTGGCCACAGAGG,1.0
hiranniramol,GCACTCGCAGCCCATCGTCAGGG,1.0
hiranniramol,GGTTCCAGTAGACAAAGGCATGG,1.0
hiranniramol,CATAGCAGGACGATTAAAAGGGG,1.0
hiranniramol,GTGAACGTGTTCCGATGTGGTGG,1.0
hiranniramol,ATGATCAACTGCTGGAAATACGG,1.0
hiranniramol,CTGTGGAGAGGCAACAGCAGCGG,1.0
hiranniramol,TACATGGCACTAGAAGAACGCGG,1.0
hiranniramol,GCTGGGACACAGGCCTGCGCCGG,1.0
hiranniramol,GCCTGCTCTCCCTACGCTGGCGG,1.0
hiranniramol,GACAAGTGGGCCCCCTCCGTGGG,1.0
hiranniramol,TTCCAAGAAACGATGAGATGGGG,1.0
hiranniramol,CTAGAGTCCTTAGTCCTCCAAGG,1.0
hiranniramol,AGTGGCCCTGGGTAGCAACGTGG,1.0
hiranniramol,ATATACCAGAATCAAAGGACTGG,1.0
hiranniramol,CGAGGAGGAGCGGCAGCAAGCGG,1.0
hiranniramol,CAAGCCCTGGAGACAAAACACGG,1.0
hiranniramol,GATGGGCCTGCAGCTCCGCCAGG,1.0
hiranniramol,GGACAGCAAGGACCTCAGCGAGG,1.0
hiranniramol,GAGGGGTATTGGGATGATGCCGG,1.0
hiranniramol,GGTCTCCGTACAGCCATCGACGG,1.0
hiranniramol,CCCTGCATATTGGAGGCCCACGG,1.0
hiranniramol,GGCTGTGACCAAGCCACGGTAGG,1.0
hiranniramol,TACCACCAATGCCTAATGCATGG,1.0
hiranniramol,CAGCTACACCCTGCCAATCGCGG,1.0
hiranniramol,AACATTTTGGGAGCGTGCCTAGG,0.33130000000000004
hiranniramol,TGGTGTGGTATACGAGGGCCAGG,0.18460000000000001
hiranniramol,CACAGCCCAGTAAGGATGTACGG,0.3636
hiranniramol,TTTCTGCAGTGCCGCTTCCTCGG,0.4733
hiranniramol,CCTCTTTTATATGCTGCATCAGG,0.0833
hiranniramol,ATCTGTGACCAGGGTTTTGTGGG,0.375
hiranniramol,CTTCCAGCAGCCAGCAAAAATGG,0.2236
hiranniramol,GGAGTTCTTCTCTATGGGCCAGG,0.25
hiranniramol,AATTTCCAGAGGCAAATTTTGGG,0.0909
hiranniramol,CATGGGAATGTATGTGCCAAAGG,0.5
hiranniramol,CTGTCAATTTTCAGCTATCTTGG,0.449
hiranniramol,TGCAACCCTGAAATTCATTATGG,0.3019
hiranniramol,AGCCCAGTGACGGCGCGGACCGG,0.2824
hiranniramol,CACCTGGCAGTATTGTTTCAAGG,0.47759999999999997
hiranniramol,TACACCCTGTGCGGGGGTCTCGG,0.4673
hiranniramol,CTACTCGACTCCTGTATTTTCGG,0.1714
hiranniramol,TGCCCTCCTGTTCAGCAGACCGG,0.5
hiranniramol,CCAACTTTGGCTTCATGAATGGG,0.35710000000000003
hiranniramol,TGGAAACTATGTCTATTTCTTGG,0.15380000000000002
hiranniramol,TGACTTTGAGTGGCTGAAAAAGG,0.0882
hiranniramol,AGATATGCTAAATGCATTTTGGG,0.0
hiranniramol,TTTTGCTTTGGTGAAAGCCTGGG,0.3846
hiranniramol,GCCACAGGTGTCCTCCATGCAGG,0.4
hiranniramol,AGATCAAGAACATTTTGTGGTGG,0.47619999999999996
hiranniramol,CGGCCGCCAGCTGCACTGCTGGG,0.40909999999999996
hiranniramol,CTGCATTTTCGACAAGTTTGAGG,0.4677
hiranniramol,TTCTGGTGACCTTGCTGGCCTGG,0.0
hiranniramol,TTTTCTTGTTTCTGATGAAAAGG,0.16670000000000001
hiranniramol,CTCTACAGCTTGGTCCTGATTGG,0.43329999999999996
hiranniramol,TCTTATGCTTCTTACGCTTTCGG,0.2807
hiranniramol,TGGATGGCGGTGTGCCTTCTGGG,0.48479999999999995
hiranniramol,CTCTCTCCTTCTTTCTTATTTGG,0.0
hiranniramol,CTAGCCCTGTGCTAGGGACTGGG,0.4
hiranniramol,CCACTTTTATCATCAAGATCAGG,0.4167
hiranniramol,AACACTTAGCTGGTTTGTTTAGG,0.4714
hiranniramol,GCCTCCTCCCTCTGAATTTCTGG,0.3554
hiranniramol,GCCATCCCTTTGATTGAGAAAGG,0.3636
hiranniramol,GGCCCTCTGGAAACAGTTCCAGG,0.125
hiranniramol,GCCCTGCCTTCGCTCGCTGCAGG,0.3519
hiranniramol,GGCCCCGTGGGGAGGGAGCATGG,0.45
hiranniramol,CTCGGCAGAGACAACCAAAAAGG,0.25739999999999996
hiranniramol,CGGGGCAGGTTCCCGCTCTACGG,0.04
hiranniramol,AAGAAGGAACAAAACAAAATTGG,0.46149999999999997
hiranniramol,CTGTTCGCTCAGGTCCTTTTGGG,0.2685
hiranniramol,CACTGGCCGTCTTTTGAAAACGG,0.06
hiranniramol,AAAGGCAGAACTGCCTTCAATGG,0.2651
hiranniramol,CAAAAATGACCTGGATCTAAAGG,0.2564
hiranniramol,ACTGGCTCAACGCCAACAATGGG,0.41009999999999996
hiranniramol,TGAAGTCTGCAATTATTTCTGGG,0.5
hiranniramol,CTATCAACAGCTTCCCATCTAGG,0.43329999999999996
hiranniramol,ATCCGCAGACCTCCTGGGCAAGG,0.29410000000000003
hiranniramol,TGTTAAGTCAATATGTTTACCGG,0.3636
hiranniramol,GCATTGCCCCTGATCACCAAGGG,0.4667
hiranniramol,GGTCCGCAGGTGTGTGAAGAAGG,0.45
hiranniramol,CAATAGAGCAGCAGTCTTAATGG,0.125
hiranniramol,TTTTGTATTGGTCATTTTCTTGG,0.0
hiranniramol,GGCCCTGCAGGCCCACTGGCAGG,0.07139999999999999
hiranniramol,TCTGTTGGCAGAAGGCTTTTAGG,0.2857
hiranniramol,CCCTGGTCATGTGACACCATCGG,0.5
hiranniramol,CTGGACATGTGTCCAGAGACCGG,0.0
hiranniramol,CCAATGAGCCTTGGGTCATTTGG,0.0556
hiranniramol,AGCTGCCTTGTTCTCCTCTTCGG,0.425
hiranniramol,CTTTTCTCAACACCATCTTCTGG,0.3557
hiranniramol,TGGGGGTGGTGGCCCCACCCAGG,0.0
hiranniramol,AGACAGTAACTTCGCATTACTGG,0.0
hiranniramol,CACCCACTGCAGCCCCTCTTTGG,0.16
hiranniramol,TTCTTTGGGTCTAAAGATTATGG,0.2596
hiranniramol,ATTTATTACGCTGCCTATTTTGG,0.3284
hiranniramol,CCTCAGACCTCAGCCGCATCTGG,0.3333
hiranniramol,TCCTGGTGGGTTTGATTTCTAGG,0.3469
hiranniramol,AACGGCTGCTGATAATTTTAGGG,0.0
hiranniramol,TCAAGCAACTTTCTTCATTATGG,0.3239
hiranniramol,GGGCCCTCGCCCTGACTGCCGGG,0.3396
hiranniramol,AAGAACGGCCAAGGTTTTGCAGG,0.3333
hiranniramol,CTCTGTATCCACATTGTTCTCGG,0.1598
hiranniramol,CGGAACCGAGGCTGGTTCTCCGG,0.3276
hiranniramol,CCTGATGCTGCACCTGCAGCGGG,0.4
hiranniramol,AAGGAGAGATCCAGTATGCATGG,0.0
hiranniramol,CGCTGCCGCTTCAACATGGAGGG,0.20550000000000002
hiranniramol,GGCTGCAGGACTGCCTCCATTGG,0.36
hiranniramol,CTGGGTCCAGTGTGGAATTTCGG,0.3636
hiranniramol,CTCTTTTTTCATGATTATTCAGG,0.04
hiranniramol,CACTCCCAGTGATGCCATAGTGG,0.4839
hiranniramol,CTTTCTGACTCCTGGCAGCCAGG,0.4576
hiranniramol,TGGATTATTTGCAGCAGGTGTGG,0.38299999999999995
hiranniramol,AGGAGGACTTCGTTTTGCTCAGG,0.1404
hiranniramol,AGGAGTCAGTAAAGGAGGGCAGG,0.4706
hiranniramol,TCCTGTTTTACTTTGTCATCAGG,0.0909
hiranniramol,AATTTTATGATGTGGCAAATCGG,0.34619999999999995
hiranniramol,CACACCTTTGGTGCCTACTTCGG,0.21050000000000002
hiranniramol,CTGAATCGACAGTTTCTTTTCGG,0.0
hiranniramol,TCCCAAAGGGAAAGGTTTTGTGG,0.3846
hiranniramol,TGGAAATCAGCTGCCTTTCATGG,0.413
hiranniramol,GTCACGGCTGGCTGTCATCTGGG,0.4
hiranniramol,CTGCCCCTGATGCTCTGTATCGG,0.4783
hiranniramol,TGGCAGAGGTGAGGCGAGAATGG,0.11109999999999999
hiranniramol,GAGGAGGAGGCACCCCTTCTGGG,0.5
hiranniramol,TTCAGTTCATGAATAAAAAGAGG,0.40909999999999996
hiranniramol,ATGAGAGACTGCTTCTTGTTTGG,0.2353
hiranniramol,ATTCCAAATTCCCAGCTAATTGG,0.5
hiranniramol,TTCAAAAACACAGGAAGCAAAGG,0.0909
hiranniramol,TTTTATTCCATCTGGGTTCAGGG,0.0
hiranniramol,GGAGTTCTTCAGGCTTTTGCAGG,0.3077
hiranniramol,TTTAATTGGACTGTTGCTTGTGG,0.4286
hiranniramol,TGCAGGCAGGACAGGGGTCACGG,0.1818
hiranniramol,TCTGTGTGAGCGGTTTAATGAGG,0.3043
hiranniramol,GGTCGTGGGCGTCGTGGGCATGG,0.2929
hiranniramol,TCAGCCTGAACGGGGCCAAGGGG,0.5
hiranniramol,CAATGTGTGCTTGCTCGGACCGG,0.28
hiranniramol,TTTGCTGGAGTTTCGAGCATCGG,0.3704
hiranniramol,CATCATTGCAGCCGGTTTCCAGG,0.09519999999999999
hiranniramol,GCTGCCTCTTCTCTTTTTTTGGG,0.0
hiranniramol,TTAACTAATCTAATTACTGAAGG,0.4079
hiranniramol,TTCTCCTCTTCCTCTCAGTCTGG,0.4706
hiranniramol,TGGATTCTTTCAAAGCCTTTCGG,0.0
hiranniramol,CCCCTGTTAGGGAGGCATCATGG,0.4054
hiranniramol,TTCCCTCGGGCAACATTTCTTGG,0.2167
hiranniramol,GTGTACCTGCTCGAGTGCCTGGG,0.5
hiranniramol,CTGTGAATTACTGCTACAATCGG,0.2857
hiranniramol,CGCGTGGTCGTGGCTGGGTACGG,0.4
hiranniramol,TCCTATAATGAACTTACTTTTGG,0.4675
hiranniramol,CACGCCGTACTGTCTGGGCCCGG,0.2
hiranniramol,ATTGTTCATGAATGTCAGGAAGG,0.5
hiranniramol,GCTTTGGAGCTGGAGGAACTCGG,0.4545
hiranniramol,CTGGCCGCTGCCCTGTCCTTCGG,0.0
hiranniramol,GAGGACCGAATAAGTTCCTTAGG,0.48479999999999995
hiranniramol,AGATGAGGACCAACTTGAAAAGG,0.4545
hiranniramol,GTGCGCCACTCACTGGGGCCAGG,0.4595
hiranniramol,ACTGGGATCATCAGTCTCTTCGG,0.34619999999999995
hiranniramol,CAAATTTTCTTCAGTATCTGAGG,0.14730000000000001
hiranniramol,TGCAGCCCGGTTTGCTTTGCTGG,0.2766
hiranniramol,ATGAGGCAGGCCCATCCATTGGG,0.0833
hiranniramol,TTCCTCAGGGGAACATGAAAAGG,0.3333
hiranniramol,ATCGTCATCTTTTACTCTGAGGG,0.287
hiranniramol,TCATCATCCTCATTGTCATCGGG,0.47869999999999996
hiranniramol,AGACTGGCCAGTTTTGCTTGCGG,0.375
hiranniramol,GCATGTCATGCCGGATGACGAGG,0.5
hiranniramol,AGCGACCCACCTTTTGAAGTTGG,0.1812
hiranniramol,CTACCGTGCCTGGGGTTTATAGG,0.2059
hiranniramol,TTTGTTATTTTCATCATCTTTGG,0.042
hiranniramol,GCCAGCACCTGCGATGAAATCGG,0.35
hiranniramol,CTTCAGGAAAAGGCTATATTCGG,0.4286
hiranniramol,ATTTTCACCAGACTGCATTATGG,0.1333
hiranniramol,CTGCCACGCCTTTTGTCGTGGGG,0.14980000000000002
hiranniramol,TTTAGTCTCTCAGCTTTCAAGGG,0.2917
hiranniramol,GGGAGAGCATGCTCAATGCCAGG,0.3333
hiranniramol,GCTCCTACGTGCCACCCGGCTGG,0.25
hiranniramol,TGGGCACCGGCGCGGGTGCTGGG,0.5
hiranniramol,TTCTACAAGATGGCAGAGCTAGG,0.0638
hiranniramol,AGCCTGTGGCCCAGGCCCCTCGG,0.496
hiranniramol,AGGAGATGAAACATCTTACTTGG,0.4
hiranniramol,CTGGACGTCCCCAATCTCTTGGG,0.0909
hiranniramol,CCTGAGGCTGTGCCCGAGGCTGG,0.3846
hiranniramol,ACCACTGAGGATCAGATTTTGGG,0.10339999999999999
hiranniramol,GATGCACTCCTTTACATCTTGGG,0.3936
hiranniramol,GGCAAATTGTTTAGGTACAACGG,0.5
hiranniramol,TGGGCCAGTCTGGCCCGGAATGG,0.0
hiranniramol,TTCGGTGTCCACTTTTGCAAGGG,0.1458
hiranniramol,TAGTGCAAGCCTTGTTTATTTGG,0.125
hiranniramol,CCGGACGCCGTTTGGTCTTATGG,0.23329999999999998
hiranniramol,GGCCCGTGCAGCCGGTGGCCCGG,0.3208
hiranniramol,AGGGGAGTTTCACTTTTTCCAGG,0.037000000000000005
hiranniramol,TTATTTCATTTTCCTCATTCAGG,0.0
hiranniramol,GTCCTGAATACCCAGTATTTTGG,0.35
hiranniramol,TGGCCCTTCTGCTTTTGGACCGG,0.1
hiranniramol,AGGGATCCTATTTGTCTATTTGG,0.35710000000000003
hiranniramol,CTCATCAACATTCACCACCTTGG,0.2
hiranniramol,AAAACGACTTCAGTGTCATGTGG,0.2
hiranniramol,GTCTGTGGAAGATCAGTTTACGG,0.4583
hiranniramol,TTGTTTGACTTGTGTGACAGAGG,0.1389
hiranniramol,TAACATTAACTGCAGCAACTAGG,0.4667
hiranniramol,TGACTCCCTGCAGTCTAGTCTGG,0.5
hiranniramol,TGCTGGTTCATGATTTTGATGGG,0.0
hiranniramol,AGTGGAACCCTTTTGATGATTGG,0.1042
hiranniramol,ACTGCTCCAGTTATTATATTTGG,0.0
hiranniramol,CAGCCAGGGGTGGATTCTTTAGG,0.07690000000000001
hiranniramol,GACCAATCCCTTACAATTTATGG,0.07690000000000001
hiranniramol,TGGGCACGTTACGCCGGCCTGGG,0.4
hiranniramol,GCCCCTCAGATCTTTGCAAACGG,0.4857
hiranniramol,CTGTTTTGCAGCATACAAGCAGG,0.2458
hiranniramol,TTTGAGTTTCTCAGACTGCCTGG,0.3248
hiranniramol,ATCAACAAGCCCACGCGGCCTGG,0.44439999999999996
hiranniramol,GCCAGAAATTCGGAGTTATTTGG,0.2778
hiranniramol,TTTTGAACAAAGCTGGGCCGAGG,0.325
hiranniramol,AATTATTACGGACGGGTCAATGG,0.0
hiranniramol,TGCTGCCTTGCCTGAAGGCATGG,0.2857
hiranniramol,CTCACCACGCTATGCCCTCTGGG,0.2754
hiranniramol,CTGGTGGCTACCGGCTCTTTTGG,0.0
hiranniramol,GTGGGCCTGGGGCTCACCCTGGG,0.0795
hiranniramol,TGCCCCAGCGCCCGGGGCTCCGG,0.175
hiranniramol,GCGAAGATTGTTGCCATTAAAGG,0.4286
hiranniramol,AATGACCTTCACATGCTTTGTGG,0.5
hiranniramol,AAGCTGATCCCTGGACTTAATGG,0.4
hiranniramol,AGGACCAGTGCATCATTTTCTGG,0.2341
hiranniramol,TTCTCCTTTCGGCCCATTTTAGG,0.05
hiranniramol,CTGAGCCTCTCGGGCTCATACGG,0.0222
hiranniramol,AGCCAGTGGCTGAATGAAAAAGG,0.087
hiranniramol,CCACCAACTTTCTGAGCCTTGGG,0.4753
hiranniramol,CCGAGACCTGAGTGGCTTCCCGG,0.4324
hiranniramol,CCATTCTTACATCGACTTTTCGG,0.0
hiranniramol,ATCTCCATCATCATTGTTCTCGG,0.4825
hiranniramol,AGAGGAGGAAGAAGGGGCCTTGG,0.2727
hiranniramol,TGCTAAAGCTTGTGGAAAAGCGG,0.22
hiranniramol,GAACATTTTTGGTGTGGAAAGGG,0.0
hiranniramol,AGTCAGACTACCAGATTTTCTGG,0.5
hiranniramol,GGACATATTTGCCAAATTTTCGG,0.16899999999999998
hiranniramol,AAGAAGATCTTCATCGAGCCTGG,0.3846
hiranniramol,TGGGAATTTCATCATGTCCAAGG,0.5
hiranniramol,GAACGAGCTGCAGCGGCGCCTGG,0.2394
hiranniramol,GCATTCTGCCTTCCTCTAATTGG,0.4286
hiranniramol,CAACCATTTGGTATGGAGCAAGG,0.4545
hiranniramol,TTTCGAGCTTCTTCTCCAGTTGG,0.3529
hiranniramol,ACATCCCCCCACCCATCTTCTGG,0.3529
hiranniramol,AGCCAGTATGCTCTGGCTTCTGG,0.0
hiranniramol,TTAATGAGTTCTTGGTGGCCCGG,0.35710000000000003
hiranniramol,TGGAAGATGAGCAACCTTTAAGG,0.4
hiranniramol,TTGACTTCCGGTTGTATCGCCGG,0.3636
hiranniramol,CAGCTCCGCCTTCGGGAGCGGGG,0.43479999999999996
hiranniramol,AAGCCAGCCTGGCGGCTTTAGGG,0.0
hiranniramol,ATCTATCTTTCTACCAAGACTGG,0.3077
hiranniramol,ATGATTGATGGCAGCATTTTGGG,0.1672
hiranniramol,CACTCATCACCTTCATTTAACGG,0.1297
hiranniramol,GGGGGAGGAGTGAGCGGGCTCGG,0.0222
hiranniramol,ATTCTTTATTTGGTTCTTTGGGG,0.0
hiranniramol,CACCTTCGCCCGGCCGGCCTTGG,0.3786
hiranniramol,AGATCACCTGTTTTTCTGTTTGG,0.5
hiranniramol,GTGATGGTACTCCTTTTTGCAGG,0.1636
hiranniramol,GATTTCATTCCGTACCGAGATGG,0.5
hiranniramol,AAAACCAAGCTGGCTGCTTTGGG,0.3636
hiranniramol,AACTGTTCAGTCACTAGAGATGG,0.36
hiranniramol,AGAACACATTCCAGTTTTTATGG,0.1474
hiranniramol,GGCTGTACCTGAATGGAGATGGG,0.2041
hiranniramol,GCTTCCACCCACTGGCAGCCAGG,0.314
hiranniramol,CCCCTCTGGACATTGACACTTGG,0.5
hiranniramol,TTTGCCAAAGCCGCCATTAGGGG,0.35710000000000003
hiranniramol,TGGAGAAGCTGGTGGAGGAACGG,0.44439999999999996
hiranniramol,CCCGGGACATCGTCCCAGGGGGG,0.0
hiranniramol,AAATTTATAGCAAGGGAGGAAGG,0.5
hiranniramol,CCGAATCAGAGCCCGATTTCTGG,0.0
hiranniramol,TGAATATCTTTGAGTCCTTCAGG,0.2727
hiranniramol,CTCCTTCGGATGGGCCTGGCCGG,0.43479999999999996
hiranniramol,GTGCTGCTTTTTGAGGCAGCTGG,0.0588
hiranniramol,GGACGGCAAGGGCCGCGAGCTGG,0.4603
hiranniramol,TGCATCATATGCACTGGCCTTGG,0.0102
hiranniramol,TTCAGCTCAAGCAGCCTGAAGGG,0.5
hiranniramol,CTTTCTAAATGACATTTATTAGG,0.44
hiranniramol,GCCACATGCTGGAACCTTACCGG,0.4386
hiranniramol,CCCTGATCGTGTTTTGCGACAGG,0.17739999999999997
hiranniramol,TTTCATCAAAGGCATGAAACCGG,0.3068
hiranniramol,AGGATTGACCTTTGCACGAACGG,0.48719999999999997
hiranniramol,CTCCGAAGGGCAACTGGACCAGG,0.125
hiranniramol,GCTCATTTTACTTCTGGTTGCGG,0.0833
hiranniramol,ACTTCCCTGAGGACGTGGCCCGG,0.1772
hiranniramol,AGCCACCCTCATGTTACTTTAGG,0.4697
hiranniramol,TGAAGATGGTTTTACCTATTAGG,0.2667
hiranniramol,AGCTTGCAGTGAGCCGAGATCGG,0.0
hiranniramol,CTGCCGCTGGAGGAGGCGTACGG,0.2727
hiranniramol,AAGATAACCCTGTTTGTAATTGG,0.36590000000000006
hiranniramol,ACAACCTCTCGGTGGTGGCCAGG,0.4667
hiranniramol,CCCTCGCCGGCCTCGGATTCCGG,0.2973
hiranniramol,AACACCAGTTACTGCCCTTACGG,0.3711
hiranniramol,TCCACCTGGCTCAGCCATCTGGG,0.4545
hiranniramol,TGATTCCCGTTTATGGTGTTTGG,0.1481
hiranniramol,ACTCTGGGAAGCCTCAGGCCAGG,0.5
hiranniramol,AGGTGGAGGGTGGGGCACCCCGG,0.4
hiranniramol,TTTAAAATATGTTACGAGGAAGG,0.3333
hiranniramol,CCCCATCCTGGCGGGCAGACCGG,0.24
hiranniramol,GCAGCCCTCGCTGTCATCCTCGG,0.2347
hiranniramol,TTATTTTACCTTCAGCAGTTTGG,0.0
hiranniramol,ATTTTTACAAGAGAAACTTAAGG,0.15789999999999998
hiranniramol,TATCTTTATAAACATGATATTGG,0.3636
hiranniramol,CCCACCTCGGCTCCCGGATCGGG,0.4167
hiranniramol,TTATGATTGGCTCTATCTTGGGG,0.3125
hiranniramol,GGAGACACTCCTACTGTTTCTGG,0.3514
hiranniramol,GAGCTCACAATGGGCAGGGCCGG,0.4643
hiranniramol,CCGGTGCTATTAGGCTTTACCGG,0.4
hiranniramol,TCCGCTCCTCTCGGTGATCACGG,0.4
hiranniramol,GTGCACGACGGCGGCATGCTCGG,0.2
hiranniramol,CAATTTGATGTGGACATTCTTGG,0.3
hiranniramol,TTGTGGAAACTTTGCTGTAATGG,0.0
hiranniramol,ATTCAGGGCATTGCTATTTATGG,0.3556
hiranniramol,ATGCGGGCTGCCGGCAAGTTGGG,0.1949
hiranniramol,TTCTCTCCTTAACCAATTCCAGG,0.4
hiranniramol,AGTCCAAGGCCATCGAGGCCCGG,0.46240000000000003
hiranniramol,CAACCTCCACTTGCCCTAGCAGG,0.4717
hiranniramol,GCTCAGAACCGCAAACTTATAGG,0.0833
hiranniramol,GCCGGGAGGACCGGCCGTTCAGG,0.0
hiranniramol,AAGTCTATTAGCTTTTTTGCTGG,0.0
hiranniramol,CTGCAAGGCTGTGCTCCTTCTGG,0.45159999999999995
hiranniramol,GACGTGTGACACAGGCTGGCAGG,0.43479999999999996
hiranniramol,CTGCTAGCTTTGGCTCCTTCCGG,0.23079999999999998
hiranniramol,ACTGCTCCGGCAGCCCTGCCTGG,0.40270000000000006
hiranniramol,CGGGCCTTTGTGGTCAAATACGG,0.3846
hiranniramol,CAGGATCAGAAGCCTATTTTTGG,0.031200000000000002
hiranniramol,TCTACACATTAATGGACCACTGG,0.4286
hiranniramol,AAACTCTCGCCAGTCCTTCTGGG,0.36
hiranniramol,TTTCCTCGCTTCTATTTCGTCGG,0.28850000000000003
hiranniramol,CCAAGCAGAGCCCACCCATCGGG,0.4167
hiranniramol,AGCAGCCTCTCTTACACAAACGG,0.36590000000000006
hiranniramol,ATCGGCAAGAACCGGCAGCCCGG,0.3023
hiranniramol,GACTTTGGATTTGCCAAGATTGG,0.49570000000000003
hiranniramol,TTGTATTATTCTGCGTGGAAGGG,0.1017
hiranniramol,TTTATGAAGATCTATCTTTACGG,0.1875
hiranniramol,TATGAACAACTTTTGCAGACAGG,0.4545
hiranniramol,CTTCGGCAGGTCATTGAGCAGGG,0.4328
hiranniramol,CTGAAAATTGGATCTGCTTCTGG,0.25
hiranniramol,TGGTTTTCGATTACGTAATCTGG,0.1875
hiranniramol,CCAAGAGGCAACGACTCTAGAGG,0.0909
hiranniramol,CCTGAAGGAGGGACTCCGGCGGG,0.39289999999999997
hiranniramol,TGTCATTTTGTCGGTTGCCACGG,0.15789999999999998
hiranniramol,CCCCAACCTATACGTGGATGTGG,0.5
hiranniramol,AAAGAAGTCTTCTTTTGCTAAGG,0.0
hiranniramol,TCCTTTCTGGACGGACCTTTGGG,0.1481
hiranniramol,TCCGGCAAGATTATCGAGTACGG,0.15380000000000002
hiranniramol,GCTCCTGCCGCCGCGCGCGCTGG,0.1333
hiranniramol,CGTAATTGATGAAGTACTTCCGG,0.3333
hiranniramol,GGGCACGGCCGACGGGGGCATGG,0.46149999999999997
hiranniramol,TTCTTGGATCAGCTGAACTATGG,0.5
hiranniramol,AAGTTCTGCGCATGCGTGGCAGG,0.0833
hiranniramol,AAGTGCACTTTGGGCTGGTGAGG,0.2619
hiranniramol,TGCCACTGCTGTAATGGGCATGG,0.16670000000000001
hiranniramol,GGGAGAAAATCAGTTTTGTCTGG,0.0
hiranniramol,CTTTTTGAAGGCAGTGGAGTCGG,0.1321
hiranniramol,AGAAGATAAATTGTTTTGGCTGG,0.1081
hiranniramol,TGCTGACTTGGCACACAACTTGG,0.3936
hiranniramol,GGAGTCTATTCCTGGATTCAAGG,0.5
hiranniramol,CCTTTGGCATTTATCCTTATTGG,0.0789
hiranniramol,CATTGATACCCTTTTGGATGGGG,0.3864
hiranniramol,CAGTGGCATCGGGACCAGCCCGG,0.4144
hiranniramol,AGAAATTCATTCTGGATTTATGG,0.0
hiranniramol,GACCCCAAGGTCACCTACCTTGG,0.2378
hiranniramol,CCCCCCCACGATGGGGCCCTCGG,0.2817
hiranniramol,GCCGTTTCTTTAAGATAATTAGG,0.16670000000000001
hiranniramol,AGCACTGCTTTTGATCACATTGG,0.32289999999999996
hiranniramol,AGAATGGTCGCACCTTCAAAGGG,0.29410000000000003
hiranniramol,AGCGCATCGTGGAGCTGGCCCGG,0.3125
hiranniramol,TTATCTGACCAGGATGCAAAAGG,0.49560000000000004
hiranniramol,CACGGGCTGGGACATGCCTTGGG,0.3321
hiranniramol,CAGGCATTGTTGACATAAAAAGG,0.0625
hiranniramol,TCAAATTCCGAAGCATCTTAGGG,0.4754
hiranniramol,GCTGGTGGGGTACGGGGCTGCGG,0.3846
hiranniramol,AGCTCGGTGGTGTCTTTGTCAGG,0.4
hiranniramol,ATCCTGGGAAACACCATCTTTGG,0.25
hiranniramol,CGTGGAGAGGATGTCTACATTGG,0.4375
hiranniramol,CCTGCGAGCAGCGGGCAGCCCGG,0.0552
hiranniramol,CTCACCATCAGCTGGACTGTCGG,0.4583
hiranniramol,TCCACTCCTGCCCTGTGGGCCGG,0.35710000000000003
hiranniramol,CATTGCATTTGCATTTGTTTGGG,0.2373
hiranniramol,AGGAAACGATTTTTTGAATCCGG,0.0
hiranniramol,CGGACGGCCTGTCCCAGGCCAGG,0.3333
hiranniramol,GAGCAGCAAGGCTCCTGCCTAGG,0.0
hiranniramol,TGCCGGCCTGGATCCGAGCCCGG,0.475
hiranniramol,AGGTCACGGCAGGGTGGCCGTGG,0.24
hiranniramol,ACATTTTGCTTTTTCCGGGGGGG,0.4
hiranniramol,GTGGTCCAGAACTTGGACCAGGG,0.1379
hiranniramol,TGCTGGAGCGGGAACTTAACAGG,0.0
hiranniramol,CGCCTTTGCTGCAGTTTTACAGG,0.0
hiranniramol,CACAGCTTCCTGTCCAGTCTGGG,0.3333
hiranniramol,CTTCGGATGACTTGGATTCAGGG,0.4545
hiranniramol,GGGGCCACCGTATCCCGGCTAGG,0.3636
hiranniramol,GAGGTCACTGTATGTGGCCTGGG,0.0
hiranniramol,TTCCGCCACTTCAAGCTCTATGG,0.46149999999999997
hiranniramol,GGCCATGTAGGCTCTGTCCTTGG,0.0
hiranniramol,CTGTGCTCTGTGTGGATTCTAGG,0.48
hiranniramol,GCAGTATCCAGTATTTAATCAGG,0.0833
hiranniramol,TTTATCTTTTCTACACTTATAGG,0.018600000000000002
hiranniramol,TTTGCCTGGGGGTCTTCCTTCGG,0.4194
hiranniramol,ATGCGGCGGCACTTCCGCATGGG,0.2254
hiranniramol,GAAGATTTTCTGAAATTGATGGG,0.4754
hiranniramol,GATCTTCTACGTCGCACAATAGG,0.25
hiranniramol,ATCCCATCATTTATGGTTTCTGG,0.027999999999999997
hiranniramol,TCCAACTGTTTAATTGTATATGG,0.0
hiranniramol,CAGCCCAGATTTTTGGATTACGG,0.1117
hiranniramol,TGGTCCCTGAAGATGGGACCCGG,0.0
hiranniramol,ATGAAACTATGCGCCAAATCTGG,0.23079999999999998
hiranniramol,AGCTTTTGGGACAACGCCTTCGG,0.2
hiranniramol,AGCTTGAGCAGATTGCTTTTAGG,0.0
hiranniramol,TGCAGCACAGCTGGGATTTCAGG,0.0455
hiranniramol,GGGCCCTGGTCACCAGTGGCAGG,0.1686
hiranniramol,GAATGTTTTCATGATGTTGTAGG,0.4
hiranniramol,TTGGTGATAGGCGGGGTATTGGG,0.4
hiranniramol,ATTTGTTAGATCATCTCTCTAGG,0.0
hiranniramol,TGCCCTGAGTCGTGGGCGGCTGG,0.3077
hiranniramol,GCGACAAGTTTTTGGTGATGAGG,0.0
hiranniramol,CGCTATGCTGGTGACATAATTGG,0.40340000000000004
hiranniramol,CTTCAAGGATTCTGAGGGCTAGG,0.16670000000000001
hiranniramol,ACAATTTATGTCATTGCCCTGGG,0.2667
hiranniramol,TAACCATGTCCCTGGCATCTTGG,0.3889
hiranniramol,AACATCTTGTAGACATTGTCAGG,0.3846
hiranniramol,GAAGGTCATCTTTGTCTTTGCGG,0.43229999999999996
hiranniramol,CCAAAATGCTTCAGATGGTACGG,0.2841
hiranniramol,TTTGCATGCGTTTATTGCGCAGG,0.23129999999999998
hiranniramol,CGCTCTGCCACTGGTGTGATCGG,0.3333
hiranniramol,GGGATGATCCCACATCCTCAGGG,0.2621
hiranniramol,ACATTTCTGTCATCATTAGTGGG,0.47369999999999995
hiranniramol,CAGCGCAGGTGTGGTGGCTGTGG,0.0
hiranniramol,AACCACAGTCTCTGAATATTTGG,0.4966
hiranniramol,CAAGCCAAAAGCTACTTTGAGGG,0.36840000000000006
hiranniramol,ATATAAGTATGACTTGTTTTCGG,0.34
hiranniramol,GAACGTGGAGGAGGCGTTCCTGG,0.21739999999999998
hiranniramol,CACTGCAGTGCCATCCTGGCTGG,0.07980000000000001
hiranniramol,TGCTAGTGGCTGACAAGGACCGG,0.4103
hiranniramol,CTTACAAGTTTAAAATGGCCTGG,0.5
hiranniramol,GGTACAAAACAACGTGTTATTGG,0.36840000000000006
hiranniramol,GGTCTTTATTGTGTGGCTATTGG,0.5
hiranniramol,CGCTTTGCCGCCAGACCGGTGGG,0.4498
hiranniramol,TGCCCCCGGTGTGCGAGGATCGG,0.0909
hiranniramol,CACTGAGGGATGTGGTCTTAAGG,0.3807
hiranniramol,TTCCAAGGATAACATCAAACAGG,0.35710000000000003
hiranniramol,GGGGGCCTGGAGCCTGGGCGCGG,0.3333
hiranniramol,CTTTAAGTTTTAAGTCAGCCTGG,0.0
hiranniramol,GCCTGCTTCGAGGTGATTCTCGG,0.47619999999999996
hiranniramol,CCATGCTCTTCTTCATCTATGGG,0.49439999999999995
hiranniramol,GCCACCTAACCAATTTTGCAAGG,0.5
hiranniramol,AAATTCGTTTTGAACTCAAACGG,0.030299999999999997
hiranniramol,TTTTGTCCAAAGAAACTGAAGGG,0.2
hiranniramol,AGCCGCCCGTGAAGCTGGACAGG,0.16670000000000001
hiranniramol,GCAGCGCCTGGCCCGGGCGCGGG,0.4583
hiranniramol,CAGAGTGTTCCTGCTCATTTTGG,0.3011
hiranniramol,GCAGAAAATTGCCATGAAAATGG,0.4364
hiranniramol,AAAGCTGACTCATATGAAAAGGG,0.5
hiranniramol,GCGCCGCTGGTGGATGGCCTGGG,0.2778
hiranniramol,TTTTAATTGGACTGTTGCTTGGG,0.28850000000000003
hiranniramol,GCCCGCTGCAAGGGGCCACTGGG,0.2593
hiranniramol,TTCCCTGGTCCATCTGGCCTTGG,0.413
hiranniramol,CGCATGCCGGTGGGCATGCCCGG,0.1244
hiranniramol,GAATTACTTTTGGAGAAGATGGG,0.2973
hiranniramol,CTGCCGACGTCCTGCACGCCAGG,0.3182
hiranniramol,GCTTCCAGCTCAGGCTATCCCGG,0.46509999999999996
hiranniramol,AGAATTTATGGATTCTTATCTGG,0.07690000000000001
hiranniramol,CCAGGTCCTGGCCCTGGCCCTGG,0.4556
hiranniramol,CCGGCCCAGGAGGCCATCGTGGG,0.46509999999999996
hiranniramol,AGGACATTCCCATAATTTTGGGG,0.09519999999999999
hiranniramol,CTTAAAACATCCAGAGTCTTTGG,0.4412
hiranniramol,GGAGTCAGCTTCAGGCTTCGGGG,0.5
hiranniramol,AACTGGAAGGGAATTGCTATTGG,0.4894
hiranniramol,GAAGATTATAAACTTCATTTTGG,0.3182
hiranniramol,CACTCCGCGCAGCCCTGGGCCGG,0.47369999999999995
hiranniramol,CTTTTCATCAGCTGGCCATCGGG,0.375
hiranniramol,CCTCCTCCTTCGGGCTGGATTGG,0.3
hiranniramol,TTGCGCTGCGCCCATCTGGCTGG,0.48
hiranniramol,GACTGTTCTGAAGCAGGCCTCGG,0.3889
hiranniramol,CACTTTTCCTGTGTTTTGCTGGG,0.0
hiranniramol,CTGGAGGAAATGGGCTTTACAGG,0.46149999999999997
hiranniramol,TTCAGAACTGCGGATTATTCCGG,0.23809999999999998
hiranniramol,AAGCACCTGCTGGACAAGCCCGG,0.15380000000000002
hiranniramol,GCCCCCAGGTGGGCCGCCACCGG,0.3125
hiranniramol,GTCGGCTGCGTGTGGGTTTGCGG,0.3
hiranniramol,TGACAAAACACCAGACTTCATGG,0.4286
hiranniramol,TTAAAGATTTTGCTGCCCGTTGG,0.0
hiranniramol,GAAATGAATATTTTGATTAACGG,0.0
hiranniramol,CAGCCTTGGAGCTGGAGGCCAGG,0.1967
hiranniramol,CTCGTGGCCAATGGAGTCATTGG,0.2
hiranniramol,CAGACATCACTTTTCCTGATGGG,0.4138
hiranniramol,ACTGGCAAGGTTAAGCCTTTCGG,0.3
hiranniramol,CCTGCAGCATCATCTGTTACCGG,0.48960000000000004
hiranniramol,GAGCAGGAGCTGGCTATATCCGG,0.4545
hiranniramol,GAAATGGAATTGAACGTTTTCGG,0.21050000000000002
hiranniramol,CAGCAACGACATTGGGCAGCTGG,0.25
hiranniramol,GATTGCATTGTCAGGATTAATGG,0.1304
hiranniramol,CATATTTGTGTCTGTTGGAATGG,0.45799999999999996
hiranniramol,TACATCCGCTTTGGCCTAATGGG,0.44439999999999996
hiranniramol,GCCGAGGACAAGGCGGCGGCCGG,0.2632
hiranniramol,TATTTCTGTCCTCCTTTCTCCGG,0.3
hiranniramol,CTCCCCGCGGCACGGCCTAGCGG,0.4
hiranniramol,GATACCTGACTTTCGGTTTCAGG,0.45
hiranniramol,TTCCTCAGCTCTTGGCCTATCGG,0.46
hiranniramol,CTGCAATGTTGGTCGGATGTCGG,0.494
hiranniramol,TGCCGAAGACCTGCCCTTTAAGG,0.1562
hiranniramol,CCCATGGTGTCCAGGTCTATCGG,0.4578
hiranniramol,ACTTCTGTTCCTACATCTTTAGG,0.34619999999999995
hiranniramol,GTGAGCCGCGATGGCTCTGCCGG,0.4364
hiranniramol,GTGTTGGGTCTTTTTTGAATGGG,0.07139999999999999
hiranniramol,GGTGCTGAAGCTCCTCTTCTTGG,0.4304
hiranniramol,AAGTCATCATGGTAGATGTCTGG,0.3922
hiranniramol,ACCGCCATCCCTGTCCTCTTGGG,0.3714
hiranniramol,GTTGGGACTTTCCAAATCTCAGG,0.5
hiranniramol,CACATTCGATGTGTTCCGACAGG,0.4217
hiranniramol,TCGGCATTCCCAAGAAAGCATGG,0.4468
hiranniramol,AACATCTTGTAGAGTCATTTCGG,0.16670000000000001
hiranniramol,ATTTAATTCCAAACAGTGCCAGG,0.4557
hiranniramol,AAATTTGGACCCTGCAGAGCTGG,0.3333
hiranniramol,CCATCTATGAGGGCTATGCCTGG,0.0527
hiranniramol,TTCTAGAAATCAATGAGAAATGG,0.4828
hiranniramol,TGCCTGACGTCATCCGCATCTGG,0.4808
hiranniramol,ATTGCTTTTACTTGTCAAATGGG,0.011000000000000001
hiranniramol,CCACGATGGCTATGTCAAGTTGG,0.3846
hiranniramol,ACCTGGTCCTATCCTGTTTAAGG,0.3529
hiranniramol,TTTTGGGTCTACTGTTCACTAGG,0.47369999999999995
hiranniramol,AAACTGAAGGGCTCAGTAAAAGG,0.5
hiranniramol,TGAACATGAAAGCCGTTTTTGGG,0.35
hiranniramol,GCACATGGGGCTTCCGTGCCCGG,0.0909
hiranniramol,TTCTGTTCCTGCTGTTCGGCTGG,0.3214
hiranniramol,ATTGAGGAATTTCTGGAGGCAGG,0.4706
hiranniramol,AGTGGACCTTTATTTTGACCAGG,0.2
hiranniramol,CTGATGCCATTGCAATAAAGGGG,0.45159999999999995
hiranniramol,CCTTTGTTTTGGGCTGGCCCAGG,0.0
hiranniramol,GGTTCCGGTGTGTCCAATTTTGG,0.5
hiranniramol,CAAGTGGCTAGGCCACTTCTAGG,0.1624
hiranniramol,TGAATGTGGCAAGGGGTTTAGGG,0.45159999999999995
hiranniramol,GTCATTGTGGAGAAACTTTTAGG,0.0
hiranniramol,ATGTAAAGACCACCCTCTATAGG,0.3529
hiranniramol,AAGGGGGACAGGCAGGCCCCTGG,0.5
hiranniramol,CACTGCGTCAGTGCCTTCGTCGG,0.2966
hiranniramol,GAGCGGGGCGGCCGCCATCTTGG,0.2353
hiranniramol,CGGCTCCCTGATGGGATGGCTGG,0.1923
hiranniramol,CCAGGCCTATCGCCTCCTTAAGG,0.474
hiranniramol,ACCCTGCCCCAGGGCTTCACCGG,0.3846
hiranniramol,TTTGGATCCTGTGGATTTCTTGG,0.4
hiranniramol,TTTAAAACATTGGTCGATGAAGG,0.0
hiranniramol,TTGCTGAAGCTGAGAGTTTTGGG,0.1466
hiranniramol,AACCCTTCAATTCGTGCCATCGG,0.3714
hiranniramol,CCAGCCTCCTGCGGAGTGCCTGG,0.461
hiranniramol,CACCCCCACCTTCTTCTTTGCGG,0.22089999999999999
hiranniramol,AGTGCCATGAACTCAGCCCCTGG,0.3043
hiranniramol,TGTACTACGAGCCGCTGGTCTGG,0.48
hiranniramol,TTAACAAAATAAAGTCATGTTGG,0.1875
hiranniramol,CTTCATGAGCCTGCAGTTTTGGG,0.40909999999999996
hiranniramol,ATTCTACTCCTCTGCAGCCTGGG,0.4302
hiranniramol,AAAAATATTCATACTGGCGAAGG,0.4
hiranniramol,GGGTCTCAGGTGCGCTGGTACGG,0.4416
hiranniramol,CGTGGTACAGCGAGGCCTGCTGG,0.2683
hiranniramol,CTGCTACCCATGAGCCTCTCCGG,0.3182
hiranniramol,GAGTTTGCAGCCAAATTTATTGG,0.0
hiranniramol,TTCACTCTTTTGGTTAAGAACGG,0.0
hiranniramol,GAGATTGATAGTATTTTGGGCGG,0.23079999999999998
hiranniramol,CTTTGTCATCGTTACATTTCAGG,0.2
hiranniramol,AGACCCTGGTGCAGGGGAACAGG,0.47619999999999996
hiranniramol,TTTGAAGACGTTCAGCCTCTAGG,0.37929999999999997
hiranniramol,AAGGACGGCAGTCCCCAGCCAGG,0.23329999999999998
hiranniramol,CTCCCAACTGGCTGGTCTCTGGG,0.4286
hiranniramol,GGCTGGAGAGTCGCCTCCAGCGG,0.5
hiranniramol,TTCAATATTTTTAATACCGTCGG,0.0
hiranniramol,CACACCGCAAAATTCTGAATTGG,0.125
hiranniramol,CGGGAGCGGGGGCGTGGCCTCGG,0.0541
hiranniramol,TCTTAGCAGTGGATTGATATTGG,0.44439999999999996
hiranniramol,TCGTGTCCTTGCTGTCTTTTTGG,0.0098
hiranniramol,ATCTAAGTTTTTTGAAGCACAGG,0.047599999999999996
hiranniramol,ATGTGGTTTATTTCACCTTTGGG,0.48
hiranniramol,AAAACTCTGATTGCCTTATAAGG,0.0
hiranniramol,TTATTTTAATACTTTATAAATGG,0.0
hiranniramol,CCATACTGATATTAGTATTTGGG,0.4667
hiranniramol,CGATCAGACATGATTTATACCGG,0.23079999999999998
hiranniramol,TTTTGGAAAGTGCAACATCATGG,0.0556
hiranniramol,TGGTCAGCCGCCTCCTTTTTGGG,0.0601
hiranniramol,TGGCCACAGTGGTGGCTCTTCGG,0.16670000000000001
hiranniramol,GTGCAATTGTTTTGCTTTTTCGG,0.0
hiranniramol,CCACTGCAGTTGGCCCTGTTCGG,0.3868
hiranniramol,GACAACTTTTCACCTGGGCAGGG,0.42700000000000005
hiranniramol,GTTGTAAATGAAGATTTTCTTGG,0.3111
hiranniramol,CCCAGTCCGGAGGCGTTTCTGGG,0.5
hiranniramol,GTCACCGACGCAGTTGCAGAAGG,0.3542
hiranniramol,CACGCCTGCCTTGTACATTTTGG,0.05
hiranniramol,ACCCCTTCCTTTAGGGGGTAGGG,0.0
hiranniramol,TTTTTTATACTGTATGGGGTCGG,0.5
hiranniramol,CCACTGGGTGGGCCGGAGCCTGG,0.0
hiranniramol,GAGGGCTGTGGCCCACTGCCCGG,0.2273
hiranniramol,GAGAAGCAACTTTTATTGCTAGG,0.1
hiranniramol,CTGGGCGCTGCTCAACTTCCTGG,0.4706
hiranniramol,ATGCATTGGGATAGATAAATTGG,0.3333
hiranniramol,GTTCGTCCAGGATTTCCTTATGG,0.43479999999999996
hiranniramol,TGGGGCCCTGAGCCTGGCCCAGG,0.4
hiranniramol,GGAAATTTTAGCGGTGATTGTGG,0.2727
