Cell line,Strand,sgRNA,Normalized efficacy
labuhn,+,AAAAGCGAGCGGCGAGAGCGAGG,0.66
labuhn,+,AAAATGAGCAACGTGCCACGAGG,0.868
labuhn,-,AAATATATAGCCAGGTGCGGTGG,0.534
labuhn,+,AAATCGCAGCTAACGTGTGTAGG,0.897
labuhn,+,AAATCTGGCTGGCGGCCCATTGG,0.477
labuhn,+,AACCCTACCGAACTCAGATCTGG,0.773
labuhn,-,AACCGACGGAGGGCGTAGTGGGG,0.81
labuhn,+,AACTTGCCTTCCTCCTGAGTAGG,0.842
labuhn,+,AAGATGCGCATGGCTCGATGTGG,0.908
labuhn,+,AAGGAGGACGCATCACAAATTGG,0.52
labuhn,+,AAGTACTCCTGGAGTACTGCAGG,0.037
labuhn,+,AATACTATCCTAGTTCCGACCGG,0.341
labuhn,-,AATCCGGGGTCCTCGCACAGAGG,0.873
labuhn,-,AATTCGTGCTGCAAGTCCAGAGG,0.719
labuhn,+,AATTGGGCTTTATGGCTTGCTGG,0.679
labuhn,-,ACAACCGACAGCTGAGACGAAGG,0.742
labuhn,-,ACAAGATAGTACGGAGATGCTGG,0.529
labuhn,+,ACAAGCACTTAAGTTTACACTGG,0.907
labuhn,+,ACAAGTGCCCCCAAATTAGGTGG,0.71
labuhn,+,ACACGACATGTGCTCAGCGGAGG,0.872
labuhn,-,ACAGAGGGTTTGACATCAACAGG,0.47
labuhn,-,ACAGGCTTCATTGACTGAACAGG,0.918
labuhn,+,ACATGGTAAGTCAGAAGACCAGG,0.775
labuhn,+,ACCAATCGCCTTAGGAGGGCTGG,0.498
labuhn,-,ACCAGTTCACAAACGGGCCTCGG,0.21300000000000002
labuhn,+,ACCATTCAGTCCACTACCGATGG,0.775
labuhn,+,ACCCCACTGTGGCGGCGAGATGG,0.88
labuhn,+,ACCGAATACACCCGAGACAGTGG,0.84
labuhn,-,ACCGCACGGGAGCCGAGGCAGGG,0.751
labuhn,+,ACCGGTGAAGAAGCCGAAAATGG,0.95
labuhn,+,ACGAAAACCCTCACTCGCGGCGG,0.41
labuhn,+,ACGCAAAGGTCGTGGATCCAAGG,0.93
labuhn,-,ACGGAGTCTCGCTGTCGCCCAGG,0.064
labuhn,+,ACGGCTTCGGGCGGCAAATCCGG,0.454
labuhn,+,ACGTAGCATCGCACCAATAGTGG,0.853
labuhn,+,ACGTGACGCGCACGGCCAATGGG,0.748
labuhn,+,ACTGGTTTGGGGCTCGCTCTTGG,0.7
labuhn,+,ACTTACCAGAGACGCCGGGAAGG,0.889
labuhn,-,AGAACCGACGGAGGGCGTAGTGG,0.5
labuhn,+,AGAATGCCTAGGTTCCTTAGAGG,0.633
labuhn,+,AGACCGAGCAGCCTCGTGACTGG,0.869
labuhn,+,AGACCGTCCCTGCCGGCCAAGGG,0.834
labuhn,+,AGACTTTGATGAAGTCCGGCAGG,0.79
labuhn,-,AGAGGTTGTTCTAAACGGGATGG,0.528
labuhn,-,AGATGCGAAGTTCGGGTGCCCGG,0.253
labuhn,+,AGATGCGCGTGCGGAGTAGCGGG,0.275
labuhn,-,AGCAAGGAGTGAATTTCCCCTGG,0.75
labuhn,+,AGCACGGCCCATAGGATCGATGG,0.89
labuhn,+,AGCAGCCCTTCAACAGCGCGTGG,0.896
labuhn,+,AGCCATTGGTGTTGACGCTGAGG,0.79
labuhn,-,AGCGACACCAGGTCCGCGCGCGG,0.726
labuhn,-,AGCTACCAGGCTAGAGTGCCAGG,0.162
labuhn,-,AGCTATCCCGCACACTCATGAGG,0.817
labuhn,-,AGCTATCTCGCACACTCATGAGG,0.494
labuhn,+,AGGAAGAAGCACAACGGCCCAGG,0.717
labuhn,+,AGGGATGTGGAACACTATGTTGG,0.84
labuhn,-,AGGTCAGCCTGCCGTCAGTTTGG,0.582
labuhn,+,AGGTTCAGACTTCGGGAATCAGG,0.847
labuhn,-,AGTACAGTATTGGACACTGCGGG,0.857
labuhn,-,AGTAGAAGATCGATGCTAACTGG,0.258
labuhn,+,AGTCCACTACCGATGGGACGGGG,0.752
labuhn,+,AGTTCAGTTCACGACCAGCCTGG,0.203
labuhn,+,AGTTGGAAAGCTCGGCGTGTTGG,0.755
labuhn,+,AGTTGGATACTCAGCGTCGCTGG,0.76
labuhn,-,AGTTTCGGACTCCTCCACAATGG,0.776
labuhn,-,AGTTTGGTTTCGTAGGCGCGGGG,0.784
labuhn,+,ATAAAGATGGCGTTTCGGCCAGG,0.192
labuhn,-,ATACATAGGATAAGTAGTACAGG,0.72
labuhn,+,ATACGAGAGAAACCTTCACAAGG,0.83
labuhn,-,ATAGATTTTCTCCCGCCGATTGG,0.769
labuhn,+,ATATCAATCGCGGGCTCTGAGGG,0.518
labuhn,-,ATATCCCTCTGGGCTAAAGATGG,0.78
labuhn,-,ATATCTGGAGGAACATCTCGAGG,0.834
labuhn,-,ATATCTGGTGGAACATCTCGAGG,0.752
labuhn,-,ATCAAACGGATCTACCACGATGG,0.86
labuhn,-,ATCACTCCGCACGCTATTAATGG,0.709
labuhn,-,ATCCAGATCTGAGTTCGGTAGGG,0.89
labuhn,+,ATCCGAGAGAAACCTTCGCAAGG,0.574
labuhn,-,ATCGGGAATAAACGTAGGGCAGG,0.827
labuhn,+,ATCTCACGCAGTAGCCGCGTCGG,0.59
labuhn,-,ATGAGATGCGGTACTCTGCACGG,0.893
labuhn,+,ATGATAGCCATCCCTAAGTGTGG,0.898
labuhn,+,ATGGGATCTGCCCGGCGCAGTGG,0.81
labuhn,+,ATGTAGGGCTTGGCGAGTCTAGG,0.955
labuhn,+,ATTGACGCCACGTTGACCGGAGG,0.693
labuhn,-,ATTGCAGGTCAGATCAATAGTGG,0.877
labuhn,+,ATTGGGTATGTTACTGCCGATGG,0.732
labuhn,-,CAACCGACAGCTGAGACGAAGGG,0.873
labuhn,+,CAATACGAGCCATCCTCTGCTGG,0.859
labuhn,+,CAATGGACCGGGTTAATGGGAGG,0.852
labuhn,-,CAATTCCATATTACGATGCTGGG,0.755
labuhn,+,CACAACGATGTTCTTCAGCGGGG,0.873
labuhn,+,CACCATGGATGATATTAGTCAGG,0.374
labuhn,-,CACCGTAGTCAATCTCAATGAGG,0.056
labuhn,+,CACGCGCAGACCGTCCCTGCCGG,0.839
labuhn,+,CACTCGCTACCCCCTTATTCAGG,0.681
labuhn,-,CAGAGAGCACAACGCCGTGCTGG,0.509
labuhn,+,CAGATTCAGCTCGTAAGGACAGG,0.479
labuhn,-,CAGCAGCAGCTCCGCCACTCGGG,0.83
labuhn,+,CAGCCTCGTGACTGGGCGTGGGG,0.619
labuhn,-,CAGGAACCACGCGCTGTTGAAGG,0.858
labuhn,+,CAGTTCACTCTTCGTTGGACAGG,0.263
labuhn,+,CATCACACTGTAGATCTCCTGGG,0.937
labuhn,-,CATGCTAAGTGACCTAAGAGTGG,0.348
labuhn,-,CATTGAAGCTCTATGCCAGTGGG,0.727
labuhn,-,CCACAGCCACTGTTGTTAATGGG,0.836
labuhn,-,CCACATTTGCGCTGTCTTGTAGG,0.925
labuhn,-,CCACCTTCTTAAACTGCGGGTGG,0.762
labuhn,+,CCACGATGGAAAAATTATCGTGG,0.723
labuhn,+,CCAGAAGATGATATGCCGATAGG,0.763
labuhn,-,CCAGTATCATAGCACTACTAAGG,0.874
labuhn,+,CCAGTTTGTGGATTCTGCCCTGG,0.88
labuhn,+,CCCAACGCACCGAATAGTTACGG,0.84
labuhn,-,CCCATCGGTAGTGGACTGAATGG,0.194
labuhn,+,CCCGGGTTAATTTGTAGCACTGG,0.694
labuhn,+,CCCTCCAATTAGCCTTGTTGTGG,0.52
labuhn,+,CCCTCTTGACACGACGAACCTGG,0.941
labuhn,-,CCGGGTGAAATGGGTGTCGCTGG,0.795
labuhn,-,CCGTCCAGCCACGGCAAGCCTGG,0.109
labuhn,+,CCTACAAGACAGCGCAAATGTGG,0.899
labuhn,-,CCTAGACCAGGAAAATCCATGGG,0.908
labuhn,-,CCTCACCATTTTGGCTAGTGTGG,0.198
labuhn,+,CCTCAGTAAACGAGGGCCTCTGG,0.306
labuhn,-,CCTCCCCGCCAAGACACGCCAGG,0.532
labuhn,-,CCTGTCGAAAGCTCTTCCACGGG,0.904
labuhn,+,CCTTCCATTGATGGCCGACTAGG,0.807
labuhn,+,CGAAAACCCTCACTCGCGGCGGG,0.79
labuhn,+,CGAGATCAGTCATCCCGAAGAGG,0.878
labuhn,-,CGAGTAGACTCGAAGGTTGATGG,0.83
labuhn,-,CGATCCAAATTTGAACGCCGGGG,0.699
labuhn,-,CGATGGTTGTGTCCCGAACGAGG,0.872
labuhn,-,CGATTCCTGAACCGCGGGGAAGG,0.21
labuhn,+,CGCCGCCGCTTTCGGTGATGAGG,0.0
labuhn,+,CGCGCGGCAGCCGTAGGCCTTGG,0.196
labuhn,-,CGGACAACTGTCCCCCGGCAGGG,0.597
labuhn,+,CGGGCGGCAAATCCGGCGGCGGG,0.837
labuhn,+,CGGGGCCGGCCTCGCAAAGATGG,0.849
labuhn,+,CGTCTGGCTTCCGACCACTCTGG,0.946
labuhn,+,CGTGTGTCGCAGCCCGAACCCGG,0.739
labuhn,-,CTAAATTACACTCGAACACATGG,0.231
labuhn,-,CTAACAAAAGCGGCAATGTCAGG,0.224
labuhn,-,CTAGAAGCCGAGGCAGACCCTGG,0.897
labuhn,+,CTAGTGGAAGTGAACGCTCCTGG,0.111
labuhn,+,CTAGTGGCATAGCCAACTTGAGG,0.758
labuhn,+,CTATAAGTGATGAAAGGTACAGG,0.403
labuhn,-,CTCAAGCCACCGGCAACAATAGG,0.188
labuhn,+,CTCAGCGCGGCCCACGCGGGGGG,0.863
labuhn,+,CTCAGTGGTACTTAACGTTGAGG,0.743
labuhn,-,CTCATCACCGAAAGCGGCGGCGG,0.0
labuhn,-,CTCCACAAATTCGCACGCCCAGG,0.815
labuhn,-,CTCCGGATTCGGCGCGCGTGCGG,0.83
labuhn,-,CTCGAACTTCGCCGGTTAATGGG,0.75
labuhn,+,CTCGCTCCAGTTCCCGGATCTGG,0.429
labuhn,+,CTCGTTCGGGACACAACCATCGG,0.877
labuhn,+,CTCTCAGCAGCAGACGTGTCCGG,0.717
labuhn,-,CTCTTCGAACTCCCGCTCGATGG,0.84
labuhn,+,CTGAAAGCCTAGTCAGCCCGAGG,0.854
labuhn,-,CTGAAGAAGGGTCGATGGCCTGG,0.45
labuhn,-,CTGAGGCGGGGTACATCTTCAGG,0.712
labuhn,-,CTGCCGATAAACAACCAATGGGG,0.915
labuhn,+,CTGCGGCACTGGCCTACTACAGG,0.767
labuhn,-,CTGTATTAATTCCGGGTGTCTGG,0.285
labuhn,+,CTGTGGCAGCAACGTCAGTCGGG,0.793
labuhn,+,CTTCCGCAATAATCCTACTAAGG,0.283
labuhn,+,CTTCTACCAATCGCCTTAGGAGG,0.813
labuhn,+,CTTGAGCTGTAGTTTGACTATGG,0.791
labuhn,+,CTTGCGGGTTTCCGTAGCACAGG,0.89
labuhn,+,CTTTATCCTAAGAGTTGCCCTGG,0.865
labuhn,-,CTTTATGACAAAGAGGAGCGAGG,0.62
labuhn,+,GAACAAGCTCTACATCCCGTAGG,0.903
labuhn,+,GAAGGGCCAGGTCTCGACACTGG,0.54
labuhn,-,GAAGGGGATCATCTCGTCCGTGG,0.893
labuhn,-,GAAGTCTCCCCTGATCTGATAGG,0.758
labuhn,+,GAAGTGCATCCCATCAGTTCTGG,0.859
labuhn,+,GAATAAGAACTCCCATTAGCAGG,0.336
labuhn,+,GAATAGCGCTGCAAATTGGCAGG,0.638
labuhn,-,GACAAAGACCGTGTGAAGACAGG,0.732
labuhn,-,GACACTTGAAAATCTTTGACAGG,0.933
labuhn,-,GACAGACACCCCGTCCTCGCTGG,0.799
labuhn,+,GACCCGTGCACGACGCTGCCCGG,0.354
labuhn,+,GACGATTAATGCAAGAACCTAGG,0.876
labuhn,-,GACGCAAACCTTTACTTGGGAGG,0.383
labuhn,+,GACGCCTGGAACGCAACTCCAGG,0.85
labuhn,-,GACGCTCAAGCCACGTCAACGGG,0.64
labuhn,+,GACGTCGATCGAGGCGGTGTGGG,0.871
labuhn,+,GACTACGAGAGCTGCTGATTCGG,0.67
labuhn,-,GACTGAGAGCGGAAAGATCTGGG,0.46
labuhn,+,GACTTCAACAGGTATCTAGCAGG,0.825
labuhn,+,GAGACCTCAGATGGTAAGCCTGG,0.323
labuhn,+,GAGCCTGCCTTCGTCCTCGATGG,0.791
labuhn,+,GAGGGAAGTGTCGACTGCGCCGG,0.867
labuhn,+,GAGGGAGGCGCTCGGCGGACTGG,0.706
labuhn,+,GAGTAGTCCGCATCTATCACAGG,0.903
labuhn,+,GAGTCGGGGTTTCGTCATGTTGG,0.0
labuhn,+,GAGTCTACCTGGAAGGCTCTAGG,0.713
labuhn,+,GAGTGGTCGCGCGGAAACTCTGG,0.796
labuhn,+,GATAACCAAGGCAGGGGCGCTGG,0.801
labuhn,-,GATAGAGCAACGGGTCATACTGG,0.922
labuhn,-,GATAGTAATCCGGACATGACTGG,0.697
labuhn,+,GATATATAAGGGCTATCAGATGG,0.72
labuhn,-,GATCTTCGTCAACATCCCCCTGG,0.79
labuhn,+,GATGATGGGCAGCGCCCGAGTGG,0.87
labuhn,+,GATGCTTGTGCCCGTGCACCTGG,0.52
labuhn,+,GATGGCGCTATCACGGCACCGGG,0.716
labuhn,+,GATTATAAGACTGTGCGACGAGG,0.18
labuhn,+,GATTTCATGAAGATGGCGCCAGG,0.71
labuhn,-,GATTTCGCACAAAACACGGAGGG,0.8
labuhn,+,GCACATTGTCAAATTAACTGTGG,0.618
labuhn,-,GCACCACTGGACGTTTGCAGGGG,0.895
labuhn,-,GCACGGCTGGAACGTCCGGCTGG,0.757
labuhn,+,GCACGGCTTCCGCATCTACCTGG,0.897
labuhn,+,GCACTGGGGGACGTCCCGGATGG,0.828
labuhn,-,GCAGAGACCCCTGAATCGATGGG,0.308
labuhn,+,GCAGCTTGTGCGCGGTAATTAGG,0.796
labuhn,-,GCAGGCATGTCTGTTCCCGCCGG,0.867
labuhn,+,GCAGTCGCGCATTGCAGAGCTGG,0.537
labuhn,+,GCATGATGCGCGGCCCAAGGAGG,0.503
labuhn,-,GCATTAGACACCTGTCATAATGG,0.346
labuhn,-,GCCAGGTTCGTCGTGTCAAGAGG,0.747
labuhn,-,GCCAGTGTTTAAACAGACGATGG,0.83
labuhn,+,GCCATCCTCGAAGAAGACGAGGG,0.758
labuhn,-,GCCCTCCAATAATGGGAGTCTGG,0.36
labuhn,+,GCCGCAGACAAAAGACCTCGGGG,0.831
labuhn,-,GCCTATTTAGGGATGACAAGTGG,0.855
labuhn,-,GCCTCAGCCTCACGAATAGCTGG,0.036
labuhn,+,GCCTCGGTCTCCCAACGTGCTGG,0.296
labuhn,-,GCCTGGAGGTAAGCTCTGCGGGG,0.933
labuhn,+,GCCTGTATATTATCCGAGGATGG,0.893
labuhn,+,GCGATGCAACAGCTTGGCGGAGG,0.61
labuhn,-,GCGCACACAGGGCGGGAAAGTGG,0.75
labuhn,-,GCGCGGTAGTCGTGACCCGGCGG,0.973
labuhn,-,GCGGAGGTTGTAATGAGCCGAGG,0.298
labuhn,-,GCGGGTTGCCCTGTTTGCGGCGG,0.884
labuhn,-,GCGGTGGCCCCATCCCAATCTGG,0.834
labuhn,+,GCGTCAGATCTCATTACGGGTGG,0.838
labuhn,+,GCGTTGGGTGGTACTTGCAGAGG,0.953
labuhn,-,GCTAACCAACTGGTCTAATATGG,0.835
labuhn,-,GCTAACGATCTCTTTGATGATGG,0.156
labuhn,-,GCTACAGATAAGTGGACTACTGG,0.37
labuhn,+,GCTAGTATCGAACTCCTGGAAGG,0.67
labuhn,+,GCTATATACAAAACACCGCCTGG,0.88
labuhn,-,GCTCAGTACAGGACGTGTCCGGG,0.923
labuhn,+,GCTCGTTGTGGGCACTGTCGGGG,0.901
labuhn,+,GCTCTTCAAACCTCCTGTAGAGG,0.931
labuhn,-,GCTGACGCGCTGGTAGATCCTGG,0.871
labuhn,+,GCTGATGACTACTTATCGATTGG,0.683
labuhn,-,GCTGCGCATTCAATACGGCGGGG,0.807
labuhn,-,GCTGCGGCCGTGGCTGCATTTGG,0.794
labuhn,+,GCTGTCGGTGTCAAACAACCAGG,0.711
labuhn,+,GCTTACCAGTATGACGACGATGG,0.137
labuhn,-,GCTTGCGCTAACATCGGGGGCGG,0.624
labuhn,+,GGAATCAGGGCGCGGACGCTGGG,0.667
labuhn,+,GGACGGGCACGTGACGCGCACGG,0.81
labuhn,-,GGAGACGTCCTTCCTTGTCGTGG,0.886
labuhn,+,GGAGATTCGTAAGAAACTCGGGG,0.523
labuhn,+,GGAGGCTTGCTTTGGCTCGCTGG,0.692
labuhn,+,GGAGTGCAGTGGATTGATTGCGG,0.694
labuhn,-,GGATCGCCCTCGTCCTTGAAGGG,0.934
labuhn,-,GGCAGCGTCGTGCACGGGTCGGG,0.0
labuhn,+,GGCAGGTTATCTGGGCACATGGG,0.9
labuhn,+,GGCCTACTACAGGGACGCTGAGG,0.763
labuhn,-,GGCCTCTCGTGCATAGATACTGG,0.372
labuhn,-,GGCCTGTGTCCCGGTAGTCGCGG,0.83
labuhn,+,GGCGCTCGCTCGGCTCAGAGAGG,0.834
labuhn,+,GGCGGAGGAATATGTCCGAGAGG,0.842
labuhn,-,GGCGGGAAAGTGGCGGTAGGCGG,0.785
labuhn,-,GGCTCACTTGGAACGGCCTTGGG,0.555
labuhn,+,GGCTGGCGCGCTGTGTACTTAGG,0.908
labuhn,-,GGCTGGTCATGCCGCTGGCACGG,0.188
labuhn,+,GGGAATGGGAGGACGCTTGCGGG,0.746
labuhn,+,GGGAGAAGCTAGACCACCACAGG,0.687
labuhn,+,GGGAGGACGCTTGCGGGATAGGG,0.886
labuhn,-,GGGCATATGGACTAGGCACTGGG,0.113
labuhn,+,GGGCGGCGATCAAGGCGGTGCGG,0.875
labuhn,+,GGGCGGTGTAACCTGTGCTCTGG,0.801
labuhn,+,GGGCTCAAGTAAGGGACTCGAGG,0.918
labuhn,+,GGGGCACATTAATTCGTGCACGG,0.923
labuhn,-,GGGGCGTATGGACTAGGCACTGG,0.491
labuhn,-,GGGGCTCCGTCACCGCATCCTGG,0.7
labuhn,+,GGGGGCTACGGCGGACGCTACGG,0.767
labuhn,+,GGGGTGTCTGGGTCTGCCGATGG,0.74
labuhn,-,GGGTGGGGACCCGCTAGACCTGG,0.815
labuhn,-,GGTAAGGTGTGACATATCATCGG,0.844
labuhn,+,GGTAATCCCAACACTTAGTGAGG,0.6585
labuhn,-,GGTACACCTGAAAGACTGTTGGG,0.537
labuhn,-,GGTAGAAGGTGTAACTCCGGTGG,0.955
labuhn,-,GGTAGCGAGCGACACTCCGCAGG,0.766
labuhn,-,GGTAGGGATCCATGAAGCAGAGG,0.786
labuhn,-,GGTCAGTACAGGCCGGGTTCGGG,0.633
labuhn,-,GGTCCTCGTCAACGTCCCCCTGG,0.868
labuhn,-,GGTCCTGCCGATCCCGGAGAGGG,0.857
labuhn,-,GGTCTGTCTGGATAAAAGCGTGG,0.579
labuhn,+,GGTGACAATAAATACGATGCTGG,0.623
labuhn,+,GGTGACTAGGATGTCGTCGGAGG,0.857
labuhn,+,GGTGAGATGATATCAACCTCTGG,0.765
labuhn,-,GGTGGTGGAGACTGCTCACGGGG,0.902
labuhn,+,GGTGGTTGAGCGTACTCGCACGG,0.899
labuhn,-,GGTTGCCTCGGAGCGCCAACTGG,0.6475
labuhn,+,GGTTGGCAGCGTTCGGGCCCCGG,0.842
labuhn,-,GGTTGTGCTCACAGTCGCTGAGG,0.908
labuhn,+,GTACCCATTGCTCAACTGTATGG,0.6615
labuhn,-,GTACTGCGCCGCGTCCATGTAGG,0.86
labuhn,+,GTACTTCAGGAGATTAAACGAGG,0.937
labuhn,+,GTACTTGGCCCTCCGGAAGAAGG,0.835
labuhn,-,GTAGCAACAGGTACCGTCACAGG,0.843
labuhn,+,GTAGCCCAGACTCCCATTATTGG,0.91
labuhn,+,GTCCACCATATTAGACCAGTTGG,0.55
labuhn,-,GTCCCCAGGGCCCCTAGACCAGG,0.582
labuhn,-,GTGATATTAACGCTTCCGCCTGG,0.711
labuhn,+,GTGGAATAACAGACTACTGAAGG,0.776
labuhn,+,GTGGACCCCGTCATTGTTCCCGG,0.795
labuhn,+,GTGGAGCACCCGGGCCGGCTAGG,0.76
labuhn,+,GTGGCAGTAGAACAACTAGACGG,0.41
labuhn,-,GTGGCGGGGTCGGCGCAGTTGGG,0.796
labuhn,+,GTGGGCATGGTGCGGCACCAGGG,0.561
labuhn,+,GTTACAGGATGCACAGGCGGAGG,0.555
labuhn,+,GTTATGGTACTGATGTAACCAGG,0.932
labuhn,+,GTTCAGGAATCGTCACCCGGCGG,0.14
labuhn,+,GTTGCACAGGTACGGCCTACTGG,0.851
labuhn,+,GTTTAGCCAAGTATCATGCATGG,0.963
labuhn,+,TAATGTGGAGGCGCGAACAAAGG,0.36
labuhn,-,TACAAATCCCGATACTGTGATGG,0.419
labuhn,-,TACCTGCATGCTAGAAGCCGAGG,0.657
labuhn,+,TACTTATTTAATGCGTGTGCTGG,0.315
labuhn,-,TAGAGATCCGCCCTATCTCAAGG,0.0
labuhn,+,TAGCACAGCGCAGACCTATCTGG,0.408
labuhn,+,TAGCGTTACACAGTAGAAGCAGG,0.84
labuhn,+,TAGCTCAAAGACTCGGTAGTGGG,0.536
labuhn,+,TAGGCAATCTGCCCTCGTTCGGG,0.917
labuhn,+,TAGGGCGCCTGATTTAAGAATGG,0.768
labuhn,+,TATCCCGGCGTGCAGCCACGAGG,0.931
labuhn,-,TATTAGAGGGTACTGCAGCTAGG,0.893
labuhn,-,TCAAACGGATCCACCACGATGGG,0.82
labuhn,-,TCAATTGCAGCCCGTGGACGGGG,0.757
labuhn,-,TCACAACCAATTGTTGCTCCAGG,0.887
labuhn,+,TCACCTGGATTACAGACCCGTGG,0.485
labuhn,-,TCACTAATCAGAACGGATCCAGG,0.924
labuhn,+,TCACTTGCTGCGCTACCGTCAGG,0.847
labuhn,-,TCAGAAACAGATCGCCCATCAGG,0.206
labuhn,-,TCAGATGAAGGATCAATCTCTGG,0.909
labuhn,-,TCAGGCATTCCACTCTTGTAAGG,0.945
labuhn,+,TCAGTCCACTACCGATGGGACGG,0.792
labuhn,+,TCCCCATAACTACGCTTGCGGGG,0.757
labuhn,-,TCCCGGGCAGCGTCGTGCACGGG,0.42
labuhn,+,TCCGAGAGAAACCTTCGCAAGGG,0.072
labuhn,-,TCCGAGCTTCGCTTGAGAACAGG,0.744
labuhn,-,TCCGCATGATCCGAGGTACTGGG,0.911
labuhn,+,TCCTCCACGAAAGCCCGTCGAGG,0.883
labuhn,+,TCGACAACTTAAACGGCTTCAGG,0.91
labuhn,-,TCGCTCGACCTAGGCTCCCGTGG,0.877
labuhn,+,TCGGCTGGAAATATGTTTAAAGG,0.179
labuhn,+,TCGGCTGTAGTGCCGTTGTCCGG,0.313
labuhn,+,TCGTCACACTTGAGAGGCGAAGG,0.406
labuhn,-,TCGTCCGTGGCGCAGAGTTCCGG,0.84
labuhn,+,TCGTGCACGGATGTGAATCTTGG,0.914
labuhn,-,TCTACTGAAGTGGTAGCAACAGG,0.0
labuhn,-,TCTAGGGAGTGCTAACCCCTCGG,0.682
labuhn,-,TCTCGGGGGGTCCGACGCCGAGG,0.833
labuhn,-,TCTCTACAATATTTCGGATCTGG,0.822
labuhn,+,TCTGACAGCCGAACATACCTGGG,0.65
labuhn,+,TCTGCAATGGACCGGGTTAATGG,0.765
labuhn,-,TCTGTTCAGACTCTAATAGGAGG,0.636
labuhn,-,TCTTCAGGCCGTAACCTTTTCGG,0.242
labuhn,-,TCTTGGACCTCGCTCGACCTAGG,0.897
labuhn,+,TGAAAGAGGAGCCCGTCGTCTGG,0.865
labuhn,-,TGACAGCTTGCGAACAATCCTGG,0.839
labuhn,-,TGACATTTCAATTCCGTAGCTGG,0.125
labuhn,-,TGAGCTGAGATCCGGGCCACTGG,0.819
labuhn,+,TGAGTTGCACGCCGTAGCGGCGG,0.894
labuhn,+,TGATGGACACAACACCGCGGAGG,0.81
labuhn,-,TGATGTTTTGGTCCGTCTGAGGG,0.745
labuhn,-,TGCAGAGACCCCTGAATCGATGG,0.407
labuhn,+,TGCAGAGATCTAGGCCCTAGAGG,0.856
labuhn,+,TGCCACGTCTGTGGACGCAAAGG,0.43
labuhn,+,TGCCCCTAACTGTGTAGCGGAGG,0.742
labuhn,+,TGCCCTTATAGTTGGTAAGCTGG,0.285
labuhn,-,TGCCGGAGTTAATTCGCTCAGGG,0.884
labuhn,+,TGCGACTTCGACAACTTAAACGG,0.934
labuhn,-,TGCGGCCGTGGCTGCATTTGGGG,0.341
labuhn,-,TGCGGGAAGCTAGGCATTGGTGG,0.897
labuhn,-,TGCGGGCCCATATCAATCGTAGG,0.474
labuhn,-,TGCTACAGTCTCCCGTACCCAGG,0.906
labuhn,+,TGGAGGCGCGAACAAAGGTCAGG,0.65
labuhn,+,TGGGATGCCGTCCCGCAAAATGG,0.066
labuhn,-,TGGGATGGCAGTGACCGCCGTGG,0.723
labuhn,-,TGGGCGGATCACTTGACGTCAGG,0.0
labuhn,-,TGGGTGCGCGAAGCGAGCTCTGG,0.937
labuhn,-,TGGTACCAAGCGCTTAGAGCAGG,0.79
labuhn,+,TGTGCATATTTATTGCATCGGGG,0.787
labuhn,-,TGTGCTGATTGTAGTAGCACTGG,0.806
labuhn,-,TTAAACTCTAGGCTTCGAACAGG,0.22
labuhn,-,TTAAATATCTAGCATGACACAGG,0.594
labuhn,-,TTAACCTGCTGCGGCATGACTGG,0.183
labuhn,+,TTAAGTAGTAGAAGCCTGGGGGG,0.893
labuhn,+,TTACATTACACATCCAGCGTGGG,0.27
labuhn,+,TTACCATAGTGTACGGGTGCAGG,0.0
labuhn,+,TTAGCAGGTGGGTTTAGCGCTGG,0.794
labuhn,+,TTAGGCTTGGCAAGGCGCAGCGG,0.525
labuhn,+,TTCAACCATCTCGACTCGCAGGG,0.573
labuhn,-,TTCACATCCCGCGGCTCACGGGG,0.82
labuhn,+,TTCCGCTCTCAGTCTAAAGCAGG,0.694
labuhn,-,TTCCGTAGTAGGGCGGGACGTGG,0.603
labuhn,-,TTCCTCATCACCGAAAGCGGCGG,0.6885
labuhn,-,TTCGAACTCCCGCTCGATGGTGG,0.77
labuhn,-,TTCTGAATTATCGGCTAGCCTGG,0.028
labuhn,-,TTCTGGATCCGGATTACCACTGG,0.868
labuhn,-,TTCTGGATCCGGATTACCGCTGG,0.406
labuhn,+,TTGACACAAATTCCCAGTACAGG,0.729
labuhn,-,TTGATACCTGGTTGAGGCTATGG,0.303
labuhn,+,TTGGAACTTTGATTAGGGTTAGG,0.509
labuhn,+,TTGGTCCTTGCTCGCCCTATTGG,0.52
labuhn,+,TTGTCATTACTAAGTATTCGGGG,0.474
labuhn,+,TTGTGCTCTCTGTAACTGCGGGG,0.657
labuhn,+,TTTCCCGGGCGGGCACGTGACGG,0.64
labuhn,+,TTTCCTGGCGTGTCTTGGCGGGG,0.618
labuhn,-,TTTGGCAATAAGATGACCGAGGG,0.898
labuhn,-,TTTTAACGGACCCAATGGAGAGG,0.805
