Feature,Position,Channel,CNN_IG,CNN_ISM,ISM_SNR
G_pos_19,19,G,0.015539826825261116,0.10102629661560059,1.7134416103363037
T_pos_19,19,T,0.028754686936736107,0.0978432148694992,1.2853130102157593
T_pos_20,20,T,0.02438465505838394,0.08672333508729935,1.6297258138656616
T_pos_18,18,T,0.02170356921851635,0.08613117784261703,1.0544129610061646
A_pos_22,22,A,0.0,0.08099690079689026,1.5899903774261475
C_pos_21,21,C,0.0,0.07535237073898315,1.3659647703170776
T_pos_17,17,T,0.026470709592103958,0.07412848621606827,0.9212189316749573
T_pos_16,16,T,0.02069740928709507,0.07036380469799042,1.005317211151123
G_pos_20,20,G,0.010444276966154575,0.06706202030181885,1.4477379322052002
T_pos_4,4,T,0.019273625686764717,0.06678041815757751,1.1477186679840088
T_pos_14,14,T,0.01502272579818964,0.06677526235580444,1.1311711072921753
T_pos_15,15,T,0.01524239033460617,0.06517341732978821,1.0356509685516357
T_pos_5,5,T,0.01776461862027645,0.06440982967615128,1.1125441789627075
T_pos_6,6,T,0.014383155852556229,0.06402363628149033,1.100785732269287
G_pos_21,21,G,0.023281948640942574,0.06239502504467964,1.3420182466506958
T_pos_8,8,T,0.013473372906446457,0.06218043342232704,1.1292312145233154
C_pos_22,22,C,0.0,0.061448030173778534,1.5297527313232422
T_pos_2,2,T,0.015163230709731579,0.061398640275001526,0.9635381102561951
T_pos_3,3,T,0.01766691543161869,0.06025370955467224,0.992130696773529
T_pos_13,13,T,0.01751958578824997,0.060250163078308105,1.117343544960022
T_pos_11,11,T,0.016047244891524315,0.0601683147251606,0.9321165680885315
T_pos_12,12,T,0.014227150939404964,0.059852853417396545,1.0078610181808472
T_pos_9,9,T,0.016284242272377014,0.058924272656440735,1.129820704460144
T_pos_10,10,T,0.01347794383764267,0.05876605957746506,1.0150076150894165
G_pos_22,22,G,0.028197791427373886,0.057176973670721054,1.5750901699066162
T_pos_7,7,T,0.014309681951999664,0.05602028965950012,1.1058316230773926
G_pos_18,18,G,0.00913439504802227,0.05585042014718056,1.2214254140853882
G_pos_17,17,G,0.006594441831111908,0.055191390216350555,1.1128292083740234
A_pos_16,16,A,0.010059298947453499,0.05440898984670639,1.3101266622543335
C_pos_19,19,C,0.011380248703062534,0.05424150824546814,1.4719561338424683
T_pos_1,1,T,0.012577769346535206,0.05394508317112923,0.9777653813362122
G_pos_4,4,G,0.006540580652654171,0.05377389118075371,1.2794387340545654
G_pos_2,2,G,0.008314957842230797,0.05348344147205353,1.3890610933303833
A_pos_6,6,A,0.01087825559079647,0.05259360000491142,1.2915072441101074
A_pos_13,13,A,0.008192102424800396,0.05247233808040619,1.5226870775222778
G_pos_6,6,G,0.007679570000618696,0.05237776041030884,1.1926935911178589
A_pos_8,8,A,0.010220682248473167,0.05209210142493248,1.2968939542770386
A_pos_17,17,A,0.006663140840828419,0.05188972130417824,1.251368522644043
T_pos_0,0,T,0.010582136921584606,0.05147348716855049,1.0268049240112305
G_pos_14,14,G,0.009345853701233864,0.05131607875227928,1.1412049531936646
A_pos_14,14,A,0.006738291587680578,0.05115947127342224,1.3169230222702026
G_pos_16,16,G,0.006795655470341444,0.05089322105050087,1.1528582572937012
A_pos_4,4,A,0.008847896009683609,0.05069180205464363,1.2628536224365234
A_pos_10,10,A,0.011080583557486534,0.05045721307396889,1.3014907836914062
A_pos_3,3,A,0.009747292846441269,0.05017508938908577,1.427444577217102
G_pos_15,15,G,0.009554089978337288,0.049826037138700485,1.188534140586853
G_pos_3,3,G,0.006695177406072617,0.04932563379406929,1.274093747138977
A_pos_5,5,A,0.0061208815313875675,0.049229901283979416,1.2409045696258545
A_pos_9,9,A,0.00920497253537178,0.049026969820261,1.2335022687911987
A_pos_19,19,A,0.00903017446398735,0.048992421478033066,1.4037904739379883
A_pos_15,15,A,0.01042837742716074,0.04892919212579727,1.2763553857803345
A_pos_12,12,A,0.009721105918288231,0.04888031631708145,1.3184665441513062
G_pos_8,8,G,0.0073738074861466885,0.048780832439661026,1.2368884086608887
G_pos_5,5,G,0.00806382205337286,0.04867161065340042,1.1661497354507446
G_pos_0,0,G,0.012452526949346066,0.048550885170698166,1.1146705150604248
A_pos_18,18,A,0.008068408817052841,0.048518210649490356,1.2234731912612915
G_pos_13,13,G,0.007670622318983078,0.04786635562777519,1.2475520372390747
A_pos_7,7,A,0.008658437989652157,0.047851525247097015,1.3513940572738647
G_pos_7,7,G,0.006971096619963646,0.04770207405090332,1.1567937135696411
A_pos_1,1,A,0.008738250471651554,0.046781182289123535,1.312260389328003
G_pos_10,10,G,0.008029190823435783,0.046694282442331314,1.2036621570587158
A_pos_2,2,A,0.008585914969444275,0.04650305584073067,1.340057373046875
G_pos_12,12,G,0.009013324975967407,0.04638519510626793,1.3083969354629517
A_pos_11,11,A,0.01063920184969902,0.046360764652490616,1.212794303894043
C_pos_0,0,C,0.01556905172765255,0.04599665477871895,1.7090895175933838
G_pos_1,1,G,0.004645750392228365,0.04442309960722923,1.1549345254898071
A_pos_21,21,A,0.0,0.04401963949203491,1.459795355796814
G_pos_9,9,G,0.008323914371430874,0.043991170823574066,1.1361299753189087
G_pos_11,11,G,0.006400631740689278,0.042476311326026917,1.2269530296325684
C_pos_10,10,C,0.01039214339107275,0.04247410222887993,1.119372010231018
C_pos_14,14,C,0.009152209386229515,0.04208805039525032,1.2926563024520874
C_pos_2,2,C,0.011395570822060108,0.041743338108062744,1.2505948543548584
A_pos_20,20,A,0.0034178781788796186,0.04151582345366478,1.2470998764038086
C_pos_11,11,C,0.008912798017263412,0.041078101843595505,1.161101222038269
C_pos_9,9,C,0.006415546406060457,0.040764108300209045,1.3944607973098755
C_pos_6,6,C,0.0102610494941473,0.04048357158899307,1.201961636543274
C_pos_12,12,C,0.008273512125015259,0.04030730947852135,1.2796460390090942
C_pos_1,1,C,0.00518063735216856,0.04001245275139809,1.2409939765930176
C_pos_17,17,C,0.008995390497148037,0.03959691524505615,1.2703689336776733
C_pos_18,18,C,0.009567019529640675,0.039420414716005325,1.1954766511917114
C_pos_3,3,C,0.008430926129221916,0.03939167037606239,1.2257546186447144
C_pos_7,7,C,0.009691637009382248,0.03861761838197708,1.2953412532806396
T_pos_21,21,T,0.0,0.03834220767021179,1.313678503036499
C_pos_4,4,C,0.0074959807097911835,0.03813054785132408,1.3258883953094482
C_pos_5,5,C,0.009608730673789978,0.037764180451631546,1.2939262390136719
C_pos_16,16,C,0.010690329596400261,0.03763571009039879,1.267261028289795
C_pos_13,13,C,0.008121964521706104,0.03761531412601471,1.3681097030639648
C_pos_8,8,C,0.01010830421000719,0.036927856504917145,1.2419949769973755
C_pos_20,20,C,0.013236543163657188,0.03658578172326088,1.3537583351135254
A_pos_0,0,A,0.004749986808747053,0.03640983626246452,1.164642333984375
C_pos_15,15,C,0.006613393314182758,0.0355660505592823,1.2395397424697876
T_pos_22,22,T,0.0,0.03457851707935333,1.3367964029312134
