cell_line,split_type,environment,splits_available,motif_id,motif,position,position_start,position_end,position_mean,BH_FDR,FDR_pass,fdr_source,enrichment_FDR,ISM_effect,ISM_effect_abs,ISM_effect_pass,ism_effect_source,ISM_effect_instances,n_instances,IG_score,SHAP_score,model_support,model_consistency,support_count,enrichment,odds_ratio,p_value,selected,source_file,generated_time
hiranniramol,single,sequence,single,motif_cnn73_hiranniramol_sequence_cnn_ism_026,GAGG,20,20,23,20.0,4.5566511991489565e-14,True,candidate,4.5566511991489565e-14,0.2477040330838017,0.2477040330838017,True,candidate,0.05756670329719771,71,0.0184748026076703,,cnn/cnn73/cnn_ism,,71,2.681850823439296,3.2937124575607206,5.695813998936196e-15,True,results/summary/Hiranniramol/tables/motif_candidates.csv;results/summary/Hiranniramol/tables/motif_instances.csv;results/summary/Hiranniramol/tables/motif_enrichment.csv,2026-09-26T17:35:06Z
hiranniramol,single,sequence,single,motif_cnn73_hiranniramol_sequence_cnn_ig_016,GAGG,20,20,23,20.0,4.5566511991489565e-14,True,candidate,4.5566511991489565e-14,0.2470336814086814,0.2470336814086814,True,candidate,0.0575667032971977,88,0.0184748026076703,,cnn/cnn73/cnn_ig,,88,2.681850823439296,3.2937124575607206,5.695813998936196e-15,True,results/summary/Hiranniramol/tables/motif_candidates.csv;results/summary/Hiranniramol/tables/motif_instances.csv;results/summary/Hiranniramol/tables/motif_enrichment.csv,2026-09-26T17:35:06Z
hiranniramol,single,sequence,single,motif_cnn33_hiranniramol_sequence_cnn_ig_019,GAGG,20,20,23,20.0,4.5566511991489565e-14,True,candidate,4.5566511991489565e-14,0.2446999030215446,0.2446999030215446,True,candidate,0.061768754152581005,86,0.0104792518977774,,cnn/cnn33/cnn_ig,,86,2.681850823439296,3.2937124575607206,5.695813998936196e-15,True,results/summary/Hiranniramol/tables/motif_candidates.csv;results/summary/Hiranniramol/tables/motif_instances.csv;results/summary/Hiranniramol/tables/motif_enrichment.csv,2026-09-26T17:35:06Z
hiranniramol,single,sequence,single,motif_cnn53_hiranniramol_sequence_cnn_ig_021,GAGG,20,20,23,20.0,4.5566511991489565e-14,True,candidate,4.5566511991489565e-14,0.242282,0.242282,True,candidate,0.061784559395164196,84,0.0158797794720157,,cnn/cnn53/cnn_ig,,84,2.681850823439296,3.2937124575607206,5.695813998936196e-15,True,results/summary/Hiranniramol/tables/motif_candidates.csv;results/summary/Hiranniramol/tables/motif_instances.csv;results/summary/Hiranniramol/tables/motif_enrichment.csv,2026-09-26T17:35:06Z
hiranniramol,single,sequence,single,motif_cnn73_hiranniramol_sequence_cnn_ism_028,GCGG,20,20,23,20.0,8.040292706082818e-07,True,candidate,8.040292706082818e-07,0.2659922656578394,0.2659922656578394,True,candidate,0.0575667032971977,61,0.0184748026076703,,cnn/cnn73/cnn_ism,,61,2.363376605051503,2.6221354822462857,1.5075548823905284e-07,True,results/summary/Hiranniramol/tables/motif_candidates.csv;results/summary/Hiranniramol/tables/motif_instances.csv;results/summary/Hiranniramol/tables/motif_enrichment.csv,2026-09-26T17:35:06Z
hiranniramol,single,sequence,single,motif_cnn53_hiranniramol_sequence_cnn_ig_024,GCGG,20,20,23,20.0,8.040292706082818e-07,True,candidate,8.040292706082818e-07,0.2624266512298034,0.2624266512298034,True,candidate,0.06178455939516421,79,0.0158797794720157,,cnn/cnn53/cnn_ig,,79,2.363376605051503,2.6221354822462857,1.5075548823905284e-07,True,results/summary/Hiranniramol/tables/motif_candidates.csv;results/summary/Hiranniramol/tables/motif_instances.csv;results/summary/Hiranniramol/tables/motif_enrichment.csv,2026-09-26T17:35:06Z
hiranniramol,single,sequence,single,motif_cnn53_hiranniramol_sequence_cnn_ig_020,AGGG,20,20,23,20.0,1.0734763755158769e-06,True,candidate,1.0734763755158769e-06,0.1997905065359478,0.1997905065359478,True,candidate,0.061784559395164196,85,0.0158797794720157,,cnn/cnn53/cnn_ig,,85,1.990824627900527,2.2464674071058908,3.019152306138404e-07,True,results/summary/Hiranniramol/tables/motif_candidates.csv;results/summary/Hiranniramol/tables/motif_instances.csv;results/summary/Hiranniramol/tables/motif_enrichment.csv,2026-09-26T17:35:06Z
hiranniramol,single,sequence,single,motif_cnn33_hiranniramol_sequence_cnn_ig_007,AGGG,20,20,23,20.0,1.0734763755158769e-06,True,candidate,1.0734763755158769e-06,0.1740075895257089,0.1740075895257089,True,candidate,0.061768754152581005,95,0.0104792518977774,,cnn/cnn33/cnn_ig,,95,1.990824627900527,2.2464674071058908,3.019152306138404e-07,True,results/summary/Hiranniramol/tables/motif_candidates.csv;results/summary/Hiranniramol/tables/motif_instances.csv;results/summary/Hiranniramol/tables/motif_enrichment.csv,2026-09-26T17:35:06Z
hiranniramol,single,sequence,single,motif_cnn73_hiranniramol_sequence_cnn_ig_008,AGGG,20,20,23,20.0,1.0734763755158769e-06,True,candidate,1.0734763755158769e-06,0.1740075895257089,0.1740075895257089,True,candidate,0.057566703297197694,95,0.0184748026076703,,cnn/cnn73/cnn_ig,,95,1.990824627900527,2.2464674071058908,3.019152306138404e-07,True,results/summary/Hiranniramol/tables/motif_candidates.csv;results/summary/Hiranniramol/tables/motif_instances.csv;results/summary/Hiranniramol/tables/motif_enrichment.csv,2026-09-26T17:35:06Z
hiranniramol,single,sequence,single,motif_cnn53_hiranniramol_sequence_cnn_ig_015,GGGG,20,20,23,20.0,1.96030278111703e-06,True,candidate,1.96030278111703e-06,0.2653356572481572,0.2653356572481572,True,candidate,0.0617845593951642,88,0.0158797794720157,,cnn/cnn53/cnn_ig,,88,2.144010480136485,2.374286341677646,7.963730048287933e-07,True,results/summary/Hiranniramol/tables/motif_candidates.csv;results/summary/Hiranniramol/tables/motif_instances.csv;results/summary/Hiranniramol/tables/motif_enrichment.csv,2026-09-26T17:35:06Z
hiranniramol,single,sequence,single,motif_cnn33_hiranniramol_sequence_cnn_ig_012,GGGG,20,20,23,20.0,1.96030278111703e-06,True,candidate,1.96030278111703e-06,0.2612479655455292,0.2612479655455292,True,candidate,0.061768754152581,90,0.0104792518977774,,cnn/cnn33/cnn_ig,,90,2.144010480136485,2.374286341677646,7.963730048287933e-07,True,results/summary/Hiranniramol/tables/motif_candidates.csv;results/summary/Hiranniramol/tables/motif_instances.csv;results/summary/Hiranniramol/tables/motif_enrichment.csv,2026-09-26T17:35:06Z
hiranniramol,single,sequence,single,motif_cnn73_hiranniramol_sequence_cnn_ig_014,GGGG,20,20,23,20.0,1.96030278111703e-06,True,candidate,1.96030278111703e-06,0.2612479655455292,0.2612479655455292,True,candidate,0.0575667032971977,90,0.0184748026076703,,cnn/cnn73/cnn_ig,,90,2.144010480136485,2.374286341677646,7.963730048287933e-07,True,results/summary/Hiranniramol/tables/motif_candidates.csv;results/summary/Hiranniramol/tables/motif_instances.csv;results/summary/Hiranniramol/tables/motif_enrichment.csv,2026-09-26T17:35:06Z
hiranniramol,single,sequence,single,motif_cnn73_hiranniramol_sequence_cnn_ism_027,GGGG,20,20,23,20.0,1.96030278111703e-06,True,candidate,1.96030278111703e-06,0.2560386425361116,0.2560386425361116,True,candidate,0.0575667032971977,67,0.0184748026076703,,cnn/cnn73/cnn_ism,,67,2.144010480136485,2.374286341677646,7.963730048287933e-07,True,results/summary/Hiranniramol/tables/motif_candidates.csv;results/summary/Hiranniramol/tables/motif_instances.csv;results/summary/Hiranniramol/tables/motif_enrichment.csv,2026-09-26T17:35:06Z
